date,sm_tp1_t,sm_tp2_t,sm_tp3_t,sm_tp4_t,sm_tp5_t,sm_tp6_t,sm_tot_t,i_quarant,i_under_test,i_nw_confirm,i_nw_quarant,i_nw_release,i_nw_test,i_nw_death,i_confirm_id_rto,i_quarant_id_rto,i_test_id_rto,i_test_cnfm_rto,i_confirm_rto,i_fatality_rto,i_release_rto
20200101,5179287,69285,139674,56505,47966,219017,5711734,0,0,0,0,0,0,0,0,0,0,0,0,0,0
20200102,5270468,205143,264086,186271,264039,297441,6487448,0,0,0,0,0,0,0,0,0,0,0,0,0,0
20200103,5661518,227649,296568,224709,313996,312206,7036646,0,0,0,0,0,0,0,0,0,0,0,0,0,0
20200104,5595676,117323,194373,109813,171529,258204,6446918,0,0,0,0,0,0,0,0,0,0,0,0,0,0
20200105,4871393,52691,139683,46335,46099,218329,5374530,0,0,0,0,0,0,0,0,0,0,0,0,0,0
20200106,5125070,208784,280897,208502,291856,294209,6409318,0,0,0,0,0,0,0,0,0,0,0,0,0,0
20200107,4686913,200049,276164,203875,252242,273298,5892541,0,0,0,0,0,0,0,0,0,0,0,0,0,0
20200108,4959869,212690,282222,210869,265056,287118,6217824,0,0,0,0,0,0,0,0,0,0,0,0,0,0
20200109,5212239,228358,294706,226007,302824,295216,6559350,0,0,0,0,0,0,0,0,0,0,0,0,0,0
20200110,5751608,229130,305889,223797,308949,318753,7138126,0,0,0,0,0,0,0,0,0,0,0,0,0,0
20200111,5824252,117824,203344,114044,173062,270315,6702841,0,0,0,0,0,0,0,0,0,0,0,0,0,0
20200112,5035222,51434,143561,46481,46133,225762,5548593,0,0,0,0,0,0,0,0,0,0,0,0,0,0
20200113,5373732,218414,290065,211361,304041,305507,6703120,0,0,0,0,0,0,0,0,0,0,0,0,0,0
20200114,5267521,232099,305217,238882,329448,300461,6673628,0,0,0,0,0,0,0,0,0,0,0,0,0,0
20200115,5309926,228959,303117,235012,330610,301469,6709093,0,0,0,0,0,0,0,0,0,0,0,0,0,0
20200116,5376438,229229,305123,237781,329488,303707,6781766,0,0,0,0,0,0,0,0,0,0,0,0,0,0
20200117,5857989,231521,310250,235061,330785,326500,7292106,0,0,0,0,0,0,0,0,0,0,0,0,0,0
20200118,5721431,123855,206170,122118,181585,268932,6624091,0,0,0,0,0,0,0,0,0,0,0,0,0,0
20200119,4850230,54547,145762,55286,56931,220374,5383130,0,0,0,0,0,0,0,0,0,0,0,0,0,0
20200120,5559087,224097,290380,222961,327822,314855,6939202,0,0,0,0,0,0,0,0,0,0,0,0,0,0
20200121,5563121,238407,306525,253535,355717,314626,7031931,1,0,1,1,0,1,0,0,0,0,1,1,0,0
20200122,5667381,228137,297535,232499,339798,318585,7083935,1,0,0,0,0,0,0,0,0,0,1,1,0,0
20200123,6160566,174030,252981,153772,226408,323453,7291210,1,0,0,0,0,0,0,0,0,0,1,1,0,0
20200128,5083800,180527,249027,165088,225174,290837,6194453,4,0,0,0,0,0,0,0,0,0,0.06557377,0.06557377,0,0
20200129,5143426,217576,287828,220226,305611,299516,6474183,4,0,0,0,0,126,0,0,0,2.06557377,0.021390374,0.021390374,0,0
20200130,5192498,218556,290150,223711,317793,298660,6541368,7,0,3,3,0,60,0,0.75,0.75,0.320855615,0.028340081,0.028340081,0,0
20200131,5544506,217625,292393,217464,310252,314630,6896870,11,58,4,4,0,62,0,0.571428571,0.571428571,0.251012146,0.043824701,0.035598706,0,0
20200201,5135494,114962,187389,103400,161167,248607,5951019,12,82,1,1,0,74,0,0.090909091,0.090909091,0.239482201,0.03986711,0.031331593,0,0
20200202,4278047,51056,137707,43448,42489,201165,4753912,15,87,3,3,0,46,0,0.25,0.25,0.120104439,0.043859649,0.034965035,0,0
20200203,5125555,215633,281127,207651,299129,297892,6426987,15,61,0,0,0,61,0,0,0,0.142191142,0.034965035,0.030612245,0,0
20200204,5003574,225437,292183,231059,321644,290544,6364441,16,129,1,1,0,117,0,0.066666667,0.066666667,0.23877551,0.033472803,0.026359143,0,0
20200205,4881935,216803,284040,212876,305785,284120,6185559,20,174,5,4,1,110,0,0.3125,0.25,0.18121911,0.038674033,0.029288703,0,0.047619048
20200206,4980014,213815,282405,210006,302641,290015,6278896,22,169,3,2,1,169,0,0.142857143,0.1,0.235704324,0.033472803,0.027088036,0,0.083333333
20200207,5550663,215498,285155,210210,304576,315871,6881973,22,327,0,0,0,466,0,0,0,0.525959368,0.023414634,0.017751479,0,0.083333333
20200208,5222159,109458,178774,103499,172211,256432,6042533,22,939,0,0,0,745,0,0,0,0.551035503,0.020725389,0.011444921,0,0.083333333
20200209,4433194,48630,125776,41185,42769,206475,4898029,24,888,3,2,1,501,0,0.125,0.090909091,0.238912732,0.015789474,0.01039261,0,0.111111111
20200210,5263003,210071,270122,198629,299279,304200,6545304,23,531,0,-1,1,512,0,0,-0.041666667,0.197074673,0.010469174,0.008681672,0,0.148148148
20200211,5209794,224247,285022,224915,321784,301353,6567115,24,762,1,1,0,1215,0,0.037037037,0.043478261,0.390675241,0.007858546,0.006473988,0,0.142857143
20200212,4791640,193519,258709,188097,258844,281904,5972713,21,785,0,-3,3,1299,0,0,-0.125,0.300346821,0.005786319,0.004978663,0,0.25
20200213,5273229,219109,277570,211779,291555,301165,6574407,21,562,0,0,0,887,0,0,0,0.157716927,0.004706673,0.004300415,0,0.25
20200214,5877788,219890,284236,211434,311356,329096,7233800,21,535,0,0,0,731,0,0,0,0.11227154,0.004174743,0.003866335,0,0.25
20200215,5767272,114702,180796,103146,168677,271210,6605803,19,638,0,-2,2,277,0,0,-0.095238095,0.038249102,0.004069176,0.003723899,0,0.321428571
20200216,4354194,48512,125637,47610,41243,197532,4814728,20,485,1,1,0,642,0,0.035714286,0.052631579,0.085383695,0.003778009,0.003553486,0,0.310344828
20200217,4792041,197707,258384,188472,269750,273127,5979481,20,708,1,0,1,557,0,0.034482759,0,0.06825144,0.003745318,0.003441156,0,0.333333333
20200218,5010841,218741,278560,215819,304233,290941,6319135,27,818,9,7,2,1062,0,0.3,0.35,0.12181693,0.004351707,0.00398773,0,0.307692308
20200219,5216463,219989,280261,216978,316849,300717,6551257,30,1149,7,3,4,1388,0,0.179487179,0.111111111,0.14192229,0.004591277,0.004118911,0,0.347826087
20200220,5272477,221788,281028,218003,320981,300071,6614348,87,1860,58,57,0,2034,1,1.260869565,1.9,0.182127507,0.009169459,0.007877594,7.57E-05,0.153846154
20200221,5539009,219375,280602,212161,314805,312202,6878154,186,3180,100,99,1,3198,0,0.961538462,1.137931034,0.242236025,0.015431165,0.012439024,6.10E-05,0.083333333
20200222,4725033,110977,172983,105100,170565,227688,5512346,412,6037,229,226,1,5186,2,1.12254902,1.215053763,0.316219512,0.02784745,0.020059298,0.000138979,0.041570439
20200223,3832721,52716,114596,44721,51561,177796,4274111,584,6039,175,172,0,1099,3,0.404157044,0.417475728,0.050912629,0.036525291,0.026801851,0.000264492,0.029605263
20200224,4857148,214259,271403,208810,310803,282442,6144865,814,11631,235,230,4,10081,1,0.386513158,0.393835616,0.444390566,0.039886444,0.025727889,0.000213636,0.026097272
20200225,4127021,194302,256453,201075,259083,249451,5287385,945,13273,134,131,0,4034,3,0.158956109,0.160933661,0.123115425,0.041526756,0.026548913,0.000271739,0.022517912
20200226,4602604,224838,273776,229581,303901,269746,5904446,1225,20716,284,280,2,16753,2,0.290685773,0.296296296,0.455244565,0.038401803,0.023546767,0.000224077,0.019032514
20200227,4626154,226024,276948,231620,328638,268461,5957845,1727,25568,505,502,2,13099,1,0.400475813,0.409795918,0.244598809,0.042985104,0.026495829,0.000195043,0.014722537
20200228,4711916,207441,264507,210397,296188,273100,5963549,2297,30237,571,570,1,14515,0,0.323329558,0.330052113,0.21777291,0.045886511,0.02879249,0.000160164,0.011553273
20200229,4152963,114097,160557,111248,169046,202050,4909961,3105,35182,813,808,1,12888,4,0.3478819,0.351763169,0.158783742,0.053505002,0.033491042,0.000180745,0.008888889
20200301,3416780,51883,104248,46015,48726,159145,3826797,3688,33360,586,583,2,4866,1,0.186031746,0.187761675,0.051735687,0.056985098,0.037767511,0.000181963,0.008029979
20200302,4613964,213722,256066,204004,302573,271524,5861853,4159,33799,476,471,1,10670,4,0.127408994,0.127711497,0.107863851,0.055573148,0.038433813,0.000200746,0.007359924
20200303,4511985,224797,270192,234896,333938,266472,5842280,4750,35555,600,591,3,16260,6,0.142450142,0.142101467,0.148369848,0.053291397,0.038235691,0.000222485,0.007065669
20200304,4519835,219043,265232,225245,329044,266799,5825198,5255,28414,516,505,7,10856,4,0.10723192,0.106315789,0.086260737,0.049199856,0.038973864,0.000234077,0.007695195
20200305,4607961,219196,265390,225521,333883,268442,5920393,5643,21810,438,388,47,9834,3,0.082207207,0.073834443,0.071934868,0.046227482,0.03934735,0.000238841,0.01526188
20200306,5149788,219001,266990,222665,332197,291238,6481879,6132,21832,518,489,20,18199,9,0.089836975,0.086656034,0.1241905,0.043972346,0.038144956,0.000267088,0.017186505
20200307,4420312,111113,151538,103382,174262,213753,5174360,6605,19620,483,473,10,13449,0,0.076861871,0.077136334,0.081637732,0.042675428,0.037976531,0.000246929,0.017437565
20200308,4123087,48545,91661,43621,45947,185056,4537917,6954,19376,367,349,12,10329,6,0.054233782,0.052838759,0.057966541,0.042177579,0.03784254,0.000265227,0.018222596
20200309,4867836,210258,253232,209380,317343,282371,6140420,7165,17458,248,211,36,8100,1,0.034763106,0.030342249,0.042966719,0.041203394,0.037544884,0.000259386,0.022487131
20200310,4306253,196500,244512,204652,285049,258564,5495530,7212,18452,131,47,81,13526,3,0.017745868,0.006559665,0.068793295,0.039193081,0.035751675,0.000256967,0.032876348
20200311,4844387,221802,259311,226009,327113,279899,6158521,7407,18540,242,195,41,12251,6,0.032210835,0.02703827,0.058298119,0.038041745,0.034870388,0.00026979,0.037137331
20200312,4921003,221492,261842,229857,343742,281676,6259612,7470,17727,114,63,45,12603,6,0.014700193,0.008505468,0.05666944,0.036217443,0.033485391,0.000280853,0.042317957
20200313,5352543,220550,261187,223611,340342,301922,6700155,7402,17940,110,-68,177,13649,1,0.013978905,-0.009103079,0.058081345,0.034584993,0.032089669,0.000269458,0.063917784
20200314,5033531,116280,149709,116315,200795,237381,5854011,7300,17634,107,-102,204,12688,5,0.013410202,-0.013780059,0.051028164,0.033180003,0.030941129,0.000275508,0.088300767
20200315,4202023,50237,91977,45686,50050,189776,4629749,7253,16272,76,-47,120,6877,3,0.009398961,-0.006438356,0.026314883,0.032396602,0.030431151,0.00027963,0.102180838
20200316,4975193,211743,247850,208862,325860,286602,6256110,7024,14971,74,-229,303,6292,0,0.009066405,-0.031573142,0.023459055,0.031733922,0.030003206,0.00027322,0.138052453
20200317,4836230,223554,258760,236003,353541,280187,6188275,6838,17291,84,-186,264,12212,6,0.010199126,-0.026480638,0.044487512,0.030880579,0.029018262,0.00028251,0.168389423
20200318,5009780,222081,255570,233304,351787,286811,6359333,6789,16346,93,-49,139,8931,3,0.011177885,-0.007165838,0.031149291,0.030121625,0.028456233,0.000284123,0.183050042
20200319,4751334,216109,250655,225246,344449,268791,6056584,6527,15904,152,-262,407,11377,7,0.018067277,-0.03859184,0.038481703,0.029420857,0.027896842,0.000296394,0.22732049
20200320,5548677,222960,256123,227709,341553,307173,6904195,6325,15525,87,-202,286,9640,3,0.010157618,-0.030948368,0.031398197,0.028730918,0.027322335,0.000296845,0.258090615
20200321,5337575,116678,144360,110417,193713,250026,6152769,6085,15704,147,-240,379,10845,8,0.016990291,-0.037944664,0.034247657,0.02821956,0.026866437,0.000311442,0.296851915
20200322,4713674,49543,83936,44361,49751,208163,5149428,5884,14540,98,-201,297,4271,2,0.011137629,-0.033032046,0.013040863,0.028045013,0.026815962,0.000313461,0.326964145
20200323,5131832,215554,247256,214701,334193,293144,6436680,5684,13628,64,-200,257,6256,7,0.007193436,-0.033990483,0.018855868,0.027622623,0.026509011,0.000328367,0.353308783
20200324,5022430,228493,260767,241773,357116,287408,6397987,5410,15440,76,-274,341,10546,9,0.008481196,-0.048205489,0.031197861,0.027126571,0.025925033,0.000344252,0.388071263
20200325,5110183,227188,256998,239128,355226,291049,6479772,5281,14278,100,-129,223,9314,6,0.011065619,-0.023844732,0.026719681,0.026590574,0.025529763,0.000352058,0.408230273
20200326,4879693,212677,247004,214177,323643,279768,6156962,4966,14369,104,-315,414,7046,5,0.011382292,-0.059647794,0.019687283,0.026359703,0.025321832,0.000358961,0.448436316
20200327,5329886,203979,240039,202121,281838,300262,6558125,4665,15219,91,-301,384,12019,8,0.009847419,-0.060612163,0.032934,0.025797392,0.024755877,0.000368738,0.485212173
20200328,6300657,116627,543375,112048,674798,310811,8058316,4523,16564,146,-142,283,10964,5,0.015645092,-0.030439443,0.029085237,0.025522335,0.024432558,0.000371206,0.507596539
20200329,4692642,55300,87379,45919,48990,207106,5137336,4398,15028,105,-125,222,6216,8,0.011078287,-0.027636524,0.016023716,0.025277424,0.024313634,0.000385649,0.525200877
20200330,5246751,217678,246500,213153,324451,297846,6546379,4275,13531,78,-123,195,1053,6,0.008139414,-0.027967258,0.002671633,0.025312907,0.024446221,0.000399804,0.541144809
20200331,5052415,225129,255822,236652,343268,290105,6403391,4216,16892,125,-59,180,15370,4,0.012938619,-0.01380117,0.038892291,0.024858258,0.023835504,0.000394579,0.552626201
20200401,5022688,228829,255426,231842,336785,285889,6361459,4155,16585,101,-61,159,10983,3,0.010320867,-0.014468691,0.026751006,0.024414636,0.023454087,0.000391415,0.563062607
20200402,5157354,228882,256917,229366,343543,289785,6505847,3979,17885,89,-176,261,10196,4,0.009001719,-0.042358604,0.024187101,0.024104886,0.023106339,0.000391437,0.584202085
20200403,5750115,226896,256253,227080,338925,314379,7113648,3867,18908,86,-112,193,11530,5,0.00862069,-0.028147776,0.026705702,0.023710721,0.02269933,0.000392535,0.598389982
20200404,5613265,116903,142336,109054,188071,255844,6425473,3654,20144,94,-213,304,11759,3,0.009342079,-0.055081458,0.02652767,0.023353139,0.022319309,0.000388984,0.622784561
20200405,5048606,51604,86032,45737,49075,217540,5498594,3591,19571,81,-63,138,6201,6,0.007975581,-0.017241379,0.013627613,0.023178358,0.022194856,0.000396763,0.631337306
20200406,5247214,216665,245006,211596,324188,297737,6542406,3500,19295,47,-91,135,5571,3,0.004591189,-0.025341131,0.012078494,0.022980543,0.02203066,0.000398454,0.641579152
20200407,5118214,227333,256196,237755,347507,292003,6479008,3445,20650,47,-55,96,10500,6,0.004570206,-0.015714286,0.022493381,0.022623255,0.021644487,0.000402259,0.647952764
20200408,5155473,224535,252477,226816,338080,291259,6488640,3408,17858,53,-37,82,8699,8,0.005130191,-0.010740203,0.018225282,0.022181162,0.021366123,0.00041152,0.652542373
20200409,5199109,224462,252940,226010,338093,290182,6530796,3246,15509,39,-162,197,8708,4,0.003755778,-0.047535211,0.017917585,0.021750744,0.021068866,0.000412362,0.669001247
20200410,5773978,224643,253949,219381,333994,315684,7121629,3125,15298,27,-121,144,8340,4,0.002590425,-0.037276648,0.016858327,0.021424779,0.020773242,0.000413477,0.681052632
20200411,5483718,114958,140036,110640,192027,253143,6294522,3026,14070,30,-99,126,7428,3,0.002870813,-0.03168,0.014765898,0.021111624,0.020529738,0.000413337,0.691125954
20200412,4655136,49200,81976,43147,46675,205371,5081505,2930,13788,32,-96,125,4142,3,0.003053435,-0.03172505,0.008113948,0.020989032,0.020426683,0.00041584,0.700913242
20200413,5294074,217273,245826,211360,321566,299326,6589425,2873,13391,25,-57,79,4122,3,0.002378234,-0.019453925,0.008009778,0.020850813,0.020312563,0.000418319,0.706747651
20200414,5581805,232473,263078,237447,349484,312841,6977128,2808,14651,27,-65,87,8695,5,0.002562399,-0.022624434,0.016761672,0.020601146,0.020028894,0.000420903,0.713176827
20200415,4721626,137525,152828,128225,195596,226106,5561906,2750,15026,27,-58,82,7114,3,0.00255585,-0.020655271,0.013487841,0.02038589,0.019812853,0.000420913,0.719101124
20200416,5407497,227621,256770,223994,341463,299563,6756908,2627,14268,22,-123,141,4223,4,0.002077235,-0.044727273,0.007900073,0.020234239,0.01969839,0.000425038,0.730896071
20200417,5367854,202395,240211,204770,288152,301294,6604676,2576,14186,22,-51,72,7688,1,0.002072929,-0.01941378,0.014269407,0.019980198,0.019461519,0.000420889,0.736154208
20200418,5708005,114849,141967,108138,169995,261523,6504477,2484,13550,18,-92,108,8371,2,0.001692525,-0.035714286,0.015318512,0.019680981,0.019200337,0.000418143,0.745048343
20200419,4586814,51735,85939,44201,44612,203281,5016582,2385,12243,8,-99,105,4275,2,0.000750962,-0.039855072,0.007705007,0.019494721,0.019067838,0.000418523,0.754338242
20200420,5315431,218556,245568,208849,314423,299803,6602630,2324,11981,13,-61,72,3926,2,0.001219398,-0.02557652,0.007021887,0.019370152,0.018957969,0.000419157,0.760164887
20200421,5239622,230636,259957,233244,343926,294603,6601988,2233,12721,9,-91,99,7979,1,0.00084317,-0.039156627,0.01417141,0.019135114,0.018708823,0.000415051,0.768791538
20200422,5229832,223883,252759,224932,338700,293633,6563739,2179,12121,11,-54,64,6945,1,0.001029673,-0.024182714,0.012162574,0.018899402,0.018503043,0.000411794,0.773985412
20200423,5326820,226508,256832,226994,337135,298027,6672316,2051,10139,8,-128,134,6012,2,0.000748083,-0.058742542,0.010402122,0.018650058,0.018326253,0.000410979,0.785927864
20200424,5902418,226821,257489,225462,336303,323304,7271797,1967,9600,6,-84,90,5549,0,0.000560643,-0.040955631,0.009502184,0.018464616,0.01816393,0.000407111,0.793892417
20200425,5850215,115544,144714,113861,198494,266750,6689578,1843,9259,10,-124,134,5641,0,0.000933881,-0.063040163,0.009568802,0.018293162,0.018008572,0.000403252,0.80565404
20200426,5271664,53320,86582,45938,49693,228332,5735529,1769,8999,10,-74,82,3124,2,0.00093301,-0.040151926,0.005249,0.018205082,0.017931253,0.000404489,0.812546607
20200427,5554264,222283,250857,216260,331571,311201,6886436,1731,8895,10,-38,47,3375,1,0.00093214,-0.021481063,0.005641124,0.018115105,0.017847289,0.000403883,0.816166884
20200428,5538529,240820,267011,251702,363718,309312,6971092,1654,9203,14,-77,90,6854,1,0.001303781,-0.044482958,0.011391816,0.017940602,0.017669273,0.000400977,0.823474702
20200429,6235348,241782,271910,246807,354138,337436,7687421,1593,8307,9,-61,68,5683,2,0.000837054,-0.03688029,0.009339144,0.01776065,0.017520437,0.000400523,0.829105102
20200430,6644809,133526,157719,121137,172111,275000,7504302,1459,8634,4,-134,137,5684,1,0.000371713,-0.084118016,0.00925436,0.017611538,0.017366236,0.000398464,0.841523456
20200501,6627674,129724,148164,102733,108268,281164,7397727,1454,8685,9,-5,13,3188,1,0.000836043,-0.003427005,0.005142923,0.017536264,0.017291825,0.00039803,0.842027102
20200502,6935460,102903,128963,82338,122996,278160,7650820,1407,8496,6,-47,51,4493,2,0.000556896,-0.032324622,0.007211079,0.017413329,0.017177586,0.000398367,0.846289425
20200503,5935707,48525,89988,43105,37446,237175,6391946,1360,8588,13,-47,60,3411,0,0.001205937,-0.033404407,0.00543532,0.017341356,0.017105328,0.000396213,0.850829241
20200504,6139515,189789,210076,173482,274948,311954,7299764,1332,8176,8,-28,34,2948,2,0.000741221,-0.020588235,0.004672149,0.017261025,0.017038401,0.000397526,0.853346912
20200505,5401281,120881,142584,115242,174723,233323,6188034,1267,8858,3,-65,66,6316,2,0.000277752,-0.048798799,0.009963387,0.017111751,0.016875001,0.000396728,0.859218808
20200506,5610202,231468,258985,222262,333523,315380,6971820,1218,8009,2,-49,50,2858,1,0.000185117,-0.038674033,0.004463972,0.017015018,0.016803116,0.00039652,0.863686841
20200507,5725338,241520,268483,248187,361103,317890,7162521,1135,8429,4,-83,86,6293,1,0.000370165,-0.068144499,0.00978549,0.016865353,0.016646442,0.000394217,0.871322849
20200508,6501932,234569,267085,234869,346513,350377,7935345,1082,8867,12,-53,65,5475,0,0.001110083,-0.046696035,0.008431015,0.016752426,0.016525594,0.000390921,0.876362964
20200509,5372729,370746,807532,398437,362474,1145750,8457668,1016,9153,18,-66,84,5167,0,0.001663279,-0.060998152,0.0078902,0.016654452,0.016423496,0.000387861,0.882656827
20200510,5541802,50971,93377,45225,43915,239796,6015086,1008,10128,34,-8,42,3856,0,0.003136531,-0.007874016,0.005842159,0.016633066,0.016379318,0.000385608,0.883759426
20200511,5650625,223243,257333,213763,323169,315491,6983624,1021,10922,35,13,22,4606,0,0.003218687,0.012896825,0.006937938,0.016589869,0.016318819,0.000382951,0.882940691
20200512,5490764,235688,269749,236242,346276,305892,6884611,1008,16330,27,-13,38,12398,2,0.002475021,-0.012732615,0.01854622,0.016456001,0.016061331,0.000378916,0.884235552
20200513,5542519,231214,264884,234620,344477,306506,6924220,1008,19579,26,0,25,15030,1,0.002377469,0,0.02207405,0.016207801,0.015751811,0.000372169,0.884418902
20200514,5682959,235721,269103,231909,346254,311856,7077802,969,20722,29,-39,67,15564,1,0.002645503,-0.038690476,0.02236464,0.015911414,0.015447993,0.000365433,0.888181239
20200515,5589231,194362,240988,187782,260700,308853,6781916,937,19875,27,-32,59,15263,0,0.002456555,-0.033023736,0.021452345,0.01558698,0.015160709,0.000357759,0.891359593
20200516,5960211,112913,149644,99505,153969,272173,6748415,924,18843,19,-13,30,14398,2,0.001724451,-0.013874066,0.019811571,0.015280312,0.014891823,0.000353507,0.892543264
20200517,5514738,54934,99977,46111,42893,239058,5997711,900,17660,13,-24,37,6508,0,0.001177856,-0.025974026,0.008781008,0.015137131,0.014779584,0.00035043,0.894841629
20200518,5450373,211971,245800,201067,299619,305875,6714705,898,16093,15,-2,16,5558,1,0.001357466,-0.002222222,0.00743393,0.015011165,0.014690439,0.000349172,0.895074559
20200519,5225871,210382,249730,212156,292235,296554,6486928,877,16925,13,-21,34,12363,0,0.001174876,-0.023385301,0.016413727,0.014797322,0.014470188,0.000343533,0.897093338
20200520,5651566,236233,269889,232967,341707,312909,7045271,781,16351,32,-96,128,10859,0,0.002888608,-0.109464082,0.014184129,0.014616844,0.014309026,0.000338729,0.906030603
20200521,5703158,232069,266457,227584,342082,313057,7084407,723,18089,12,-58,69,12251,1,0.001080108,-0.074263764,0.015778567,0.014433003,0.014101972,0.000334735,0.911256968
20200522,6285805,229152,263350,218018,333555,335455,7665335,716,20286,20,-7,27,13734,0,0.001798238,-0.009681881,0.017413818,0.014245677,0.013885531,0.000329006,0.912044516
20200523,6485570,121533,157804,112858,192008,291571,7361344,705,21569,23,-11,32,12002,2,0.002064261,-0.015363128,0.014957292,0.014082091,0.013709143,0.000326613,0.913031796
20200524,5421758,53544,98163,46523,45933,235149,5901070,711,20333,25,6,19,5869,0,0.00223914,0.008510638,0.007206355,0.013988269,0.013641534,0.000324276,0.912689902
20200525,5728958,221019,256405,208035,324799,318176,7057392,713,19089,16,2,13,6148,1,0.001429848,0.00281294,0.007494919,0.013880012,0.013559412,0.000323074,0.91254685
20200526,5588527,236004,271998,239324,345027,308798,6989678,681,22044,19,-32,49,13038,2,0.00169552,-0.044880785,0.015776157,0.013732046,0.013371452,0.000320438,0.915367483
20200527,5619032,231031,267485,232892,343368,310553,7004361,701,21061,40,20,20,13401,0,0.003563474,0.029368576,0.015963549,0.013542675,0.013208251,0.000315403,0.913892588
20200528,5677719,233151,269266,230360,343225,310355,7064076,735,22370,79,34,45,15790,0,0.007012872,0.04850214,0.018513829,0.013404294,0.013059104,0.00030967,0.911495063
20200529,6272837,225894,267194,227280,335383,335754,7664342,770,24557,58,35,23,16454,0,0.005112835,0.047619048,0.018941688,0.013249466,0.012881869,0.000303914,0.908875636
20200530,6537611,121702,160007,120867,196300,292643,7429130,774,26298,39,4,35,17781,0,0.003420453,0.005194805,0.020088802,0.013051518,0.012671378,0.000297929,0.90883664
20200531,5692442,60282,103213,51002,51625,242509,6201073,793,23294,27,19,7,7921,1,0.002359934,0.024547804,0.008772833,0.012921282,0.012590825,0.000296436,0.90730729
20200601,5630340,223915,258779,211622,311126,312400,6948182,810,24058,35,17,17,10569,1,0.003051971,0.021437579,0.011603804,0.012819098,0.012484385,0.000294121,0.906024515
20200602,5437497,232236,272996,237103,334143,302830,6816805,823,28922,38,13,24,18460,1,0.003303486,0.016049383,0.020034925,0.012669484,0.012279606,0.000289408,0.905120873
20200603,5519345,232053,270762,232802,333554,307194,6895710,850,27865,49,27,21,17001,1,0.004245733,0.032806804,0.018089038,0.012475955,0.012112636,0.000285311,0.903106126
20200604,5631483,232627,271612,233296,324267,307010,7000295,857,28199,39,7,32,17006,0,0.00336497,0.008235294,0.017772864,0.012297245,0.011941166,0.000280328,0.902829134
20200605,6452237,230827,272526,224790,329891,339218,7849489,889,28766,39,32,7,17102,0,0.003353685,0.037339557,0.017561082,0.012126453,0.011774441,0.00027549,0.900411382
20200606,6582135,109957,149696,95273,154629,281171,7372861,915,27954,51,26,25,14345,0,0.004370929,0.029246344,0.014475862,0.011990575,0.011657159,0.000271559,0.898626163
20200607,5842474,55411,107055,50701,46025,247654,6349320,951,26481,57,36,21,7464,0,0.004863896,0.039344262,0.007424612,0.011939717,0.011627528,0.000269558,0.896059783
20200608,5749899,224156,262744,218519,328281,316699,7100298,978,24374,38,27,11,5445,0,0.003226902,0.028391167,0.005376349,0.011887225,0.011602669,0.000268117,0.894108685
20200609,5607542,239284,278914,248241,351758,460094,7185833,989,27459,38,11,26,17783,1,0.003216523,0.011247444,0.017464894,0.011751664,0.011440188,0.00026448,0.893435707
20200610,5629902,236730,275553,237564,343011,307630,7030390,1015,26223,50,26,22,15975,2,0.004218697,0.026289181,0.015419929,0.011603228,0.011313989,0.000262364,0.891530835
20200611,5628556,225892,267934,223666,317943,307999,6971990,1017,25494,45,2,43,14916,0,0.003780877,0.001970443,0.014179085,0.011472123,0.011197989,0.000258696,0.891771993
20200612,6342764,228615,273227,226065,322517,333889,7727077,1057,24244,56,40,15,14599,1,0.004687369,0.039331367,0.013683723,0.011353114,0.011098608,0.000256129,0.888861118
20200613,6053745,109262,150509,97268,147729,275083,6833596,1083,23352,48,26,22,13217,0,0.003999,0.024597919,0.012221136,0.011248404,0.011008455,0.000253036,0.887146295
20200614,5353347,50304,102154,44064,38879,231772,5820520,1089,21356,33,6,27,5623,0,0.002738362,0.005540166,0.005136548,0.01119956,0.01098219,0.000251743,0.886957961
20200615,5822631,224153,265906,209487,311312,318934,7152423,1114,20793,37,25,12,5392,0,0.0030619,0.022956841,0.004900361,0.011172191,0.010962098,0.000250516,0.885240492
20200616,5653864,238506,280459,239467,341717,310598,7064611,1117,22632,34,3,30,14048,1,0.002805049,0.002692998,0.012704855,0.011078855,0.010854937,0.000248266,0.885232415
20200617,5691705,234850,277222,238395,337733,313775,7093680,1145,21489,43,28,14,13056,1,0.003537639,0.025067144,0.011659568,0.010975998,0.01076779,0.000246287,0.883259551
20200618,5540214,220320,266439,220496,311812,304296,6863577,1177,21714,59,32,26,12889,1,0.004836859,0.027947598,0.01137777,0.010904824,0.010698151,0.00024439,0.881129151
20200619,6426046,229277,274050,224418,324251,336674,7814716,1191,21190,49,14,35,12351,0,0.003997716,0.011894647,0.010780196,0.010824428,0.010626365,0.000241783,0.880464814
20200620,6795367,123780,167418,114945,179024,296229,7676763,1237,21470,67,46,21,12838,0,0.005444499,0.038623006,0.011085753,0.010764457,0.010567076,0.000239132,0.877394326
20200621,6041637,57570,111801,52681,50698,253796,6568183,1273,20071,48,36,12,5562,0,0.003879415,0.029102668,0.004750188,0.010741167,0.010557918,0.000238002,0.874969809
20200622,5863865,226065,267280,221990,330441,318164,7227805,1277,19403,17,4,13,5603,0,0.00136865,0.003142184,0.004762581,0.010697855,0.010522255,0.000236873,0.874819103
20200623,5792499,247182,286417,253350,362561,315402,7257411,1295,22278,46,18,27,13946,1,0.003698344,0.014095536,0.011797988,0.010636141,0.010438022,0.000234947,0.873758411
20200624,5332370,208588,259402,214055,298121,293765,6606301,1324,20245,51,29,22,12585,0,0.004085229,0.022393822,0.01052247,0.010548221,0.01037153,0.000232501,0.871958516
20200625,5441024,205262,252576,204080,274147,299803,6676892,1307,18900,28,-17,44,11881,1,0.002233746,-0.012839879,0.009830407,0.010455418,0.010293508,0.000231057,0.873517472
20200626,6461559,225442,274435,223080,322407,338573,7845496,1148,18828,39,-159,198,11837,0,0.003104354,-0.12165264,0.009698659,0.010384948,0.010226281,0.000228838,0.886525948
20200627,6731809,121291,165112,119200,194610,292934,7624956,1054,19866,51,-94,145,11465,0,0.004046977,-0.081881533,0.009303628,0.010338145,0.010173021,0.000226728,0.894412392
20200628,6005815,56317,105706,49910,48097,251446,6517291,1069,19005,62,15,47,7915,0,0.004900024,0.014231499,0.006363666,0.01031484,0.010158225,0.000225295,0.893747542
20200629,5684518,213438,260986,207840,301066,311859,6979707,1046,18499,42,-23,65,8259,0,0.003303185,-0.021515435,0.006598253,0.010275846,0.010124973,0.000223818,0.89590029
20200630,5184997,203073,253734,212259,271132,293471,6418666,980,20809,42,-66,108,13811,0,0.00329231,-0.063097514,0.010961511,0.010215043,0.010048164,0.000221391,0.901398547
20200701,5586784,235363,273144,228663,302232,307162,6933348,955,19526,51,-25,76,11466,0,0.003984686,-0.025510204,0.00900166,0.010152445,0.009998203,0.000219416,0.903735409
20200702,5707095,235748,275773,232623,322036,309055,7082330,938,19782,54,-17,71,10731,0,0.004202335,-0.017801047,0.008349472,0.010111426,0.009957082,0.000217599,0.905455673
20200703,6323861,231638,276644,226246,317287,332461,7708137,926,21560,63,-12,75,11799,0,0.004882207,-0.012793177,0.009104434,0.010081628,0.00991542,0.000215636,0.906840441
20200704,6498968,120140,163939,111489,170489,286063,7351088,936,22321,63,10,52,11762,1,0.004858487,0.010799136,0.008993998,0.010044696,0.009874781,0.000214471,0.906446662
20200705,5786759,54341,107909,48821,43383,244136,6285349,976,21649,61,40,21,6532,0,0.004681504,0.042735043,0.004950274,0.010035986,0.00987214,0.000213415,0.903827057
20200706,5711866,218196,261100,211947,310716,315199,7029024,1005,21292,46,29,16,5741,1,0.003513864,0.029713115,0.004329383,0.010024388,0.009864123,0.000213246,0.901880186
20200707,5562218,231951,273691,236979,334017,308451,6947307,982,23675,44,-23,66,14398,1,0.003349319,-0.022885572,0.010810965,0.009966586,0.009791308,0.000211708,0.903876792
20200708,5636506,230166,270987,231668,334553,308682,7012562,988,24012,62,6,56,13540,0,0.00470374,0.00610998,0.010057986,0.009914488,0.009739405,0.0002096,0.903873745
20200709,5733148,232040,273790,235189,334044,310632,7118843,987,23912,50,-1,49,12037,2,0.00377558,-0.001012146,0.008852467,0.009862308,0.009690393,0.000209219,0.904160084
20200710,5983924,203560,256337,200203,275378,320572,7239974,985,23527,45,-2,46,13119,1,0.00338524,-0.002026342,0.00956355,0.009797534,0.00963109,0.000207959,0.904558405
20200711,6415968,114250,157301,106758,164093,283756,7242126,941,22950,35,-44,79,12051,0,0.002624082,-0.044670051,0.008701774,0.00973296,0.00957306,0.000206165,0.908098407
20200712,5517535,51599,103923,45709,40901,234501,5994168,950,21830,44,9,34,5203,1,0.003290212,0.009564293,0.003724567,0.009720252,0.009568917,0.000206113,0.907654468
20200713,4996826,180829,232574,171628,222704,280783,6085344,986,21845,62,36,26,6168,0,0.004621003,0.037894737,0.004398978,0.009721833,0.009571033,0.00020521,0.905408413
20200714,5405802,216274,258938,213180,271040,298461,6663695,941,24289,33,-45,78,12304,0,0.002448253,-0.045638945,0.0087367,0.009676816,0.009511367,0.000203433,0.908969805
20200715,5658247,230407,273566,229813,315388,307621,7015042,914,23297,39,-27,66,10700,0,0.002886323,-0.02869288,0.007531944,0.00962416,0.009467511,0.000201912,0.911224264
20200716,5820603,233000,274319,234438,328731,312932,7204023,925,23404,61,11,48,10032,2,0.004501513,0.012035011,0.007008934,0.009599815,0.009443937,0.000201894,0.910667058
20200717,6478738,232216,277443,233893,331245,336456,7889991,919,23110,60,-6,64,9669,2,0.004407875,-0.006486486,0.006708304,0.009574853,0.009422357,0.000201927,0.911351668
20200718,6637650,121685,165299,115174,174926,291873,7506607,898,22923,39,-21,59,9187,1,0.002852545,-0.022850925,0.006331421,0.00953954,0.009389784,0.000201342,0.913062505
20200719,5237395,50771,103652,45550,37473,223003,5697844,894,21953,34,-4,37,5095,1,0.002479761,-0.004454343,0.003489238,0.009523011,0.009380338,0.000201324,0.913495817
20200720,5448006,196729,243555,187782,260360,302454,6638886,903,21302,26,9,16,4894,1,0.001891597,0.010067114,0.003339933,0.009504511,0.009366797,0.000201334,0.912932975
20200721,5701319,230096,271699,230608,322724,311865,7068311,877,23864,45,-26,71,12197,0,0.003267737,-0.028792913,0.00829619,0.009472577,0.009320084,0.000199678,0.915098437
20200722,5332892,208050,258134,209309,285911,290966,6585262,884,21751,63,7,55,9681,1,0.004559931,0.007981756,0.00653067,0.009439442,0.009301836,0.000199052,0.914907414
20200723,5174250,199644,250734,196227,253560,282706,6357121,883,21418,59,-1,60,8783,0,0.004251027,-0.001131222,0.005886449,0.009421158,0.009286713,0.000197887,0.91533936
20200724,5900481,202295,252735,194783,242246,313759,7106299,864,20559,41,-19,59,9473,1,0.002941599,-0.021517554,0.00631174,0.00938334,0.009255612,0.000197308,0.916875313
20200725,6051677,111056,151706,102134,144301,268268,6829142,928,19681,113,64,49,8307,0,0.008083554,0.074074074,0.005500133,0.009401229,0.009279392,0.000196229,0.913000284
20200726,5728084,53477,102255,44566,40498,243957,6212837,962,19214,58,34,24,4292,0,0.00411581,0.036637931,0.002826224,0.009410047,0.009291325,0.000195676,0.910954064
20200727,5646498,206490,253385,197444,273072,304043,6880932,971,18770,25,9,15,4048,1,0.001766784,0.009355509,0.002658041,0.009398596,0.009283066,0.000195812,0.910405644
20200728,5419799,214234,257498,216007,277571,297140,6682249,896,20444,28,-75,102,10730,1,0.001975309,-0.077239959,0.00702697,0.009360953,0.009236498,0.000195096,0.915792438
20200729,5423653,206473,256575,208991,273912,293632,6663236,882,19326,48,-14,62,9603,0,0.003379568,-0.015625,0.006245025,0.009326687,0.009210196,0.000193885,0.917058452
20200730,5676820,206741,256320,208323,267173,302519,6917896,837,19018,18,-45,63,8908,0,0.001263069,-0.051020408,0.005757099,0.00928248,0.009169042,0.000192775,0.920316771
20200731,6694856,203125,253257,200543,267938,336674,7956393,821,18330,36,-16,51,7581,1,0.002522952,-0.01911589,0.004871435,0.009256108,0.009147613,0.00019248,0.921565886
20200801,6767220,107035,147935,94279,123591,274004,7514064,802,18278,31,-19,50,8034,0,0.002167074,-0.023142509,0.005137499,0.009227886,0.009120579,0.000191497,0.923060826
20200802,6049353,53199,104678,46386,34457,233737,6521810,806,17768,30,4,26,4416,0,0.002092634,0.004987531,0.002809464,0.009217968,0.00911406,0.00019096,0.92294306
20200803,6031314,165700,204419,152128,197444,289849,7040854,808,17401,23,2,21,3511,0,0.001601002,0.00248139,0.002227444,0.009209809,0.009108363,0.000190536,0.922927236
20200804,5940112,178564,215475,172620,212219,292269,7011259,770,18724,34,-38,72,10023,0,0.002362916,-0.047029703,0.006344647,0.009180449,0.009072324,0.000189334,0.925743604
20200805,5842332,186188,221214,175719,226371,291017,6942841,748,18490,33,-22,54,8407,1,0.002288012,-0.028571429,0.005288153,0.009151122,0.009045249,0.000188964,0.9273658
20200806,5478908,189615,223870,176156,221423,280573,6570545,696,18031,43,-52,95,8300,0,0.002974543,-0.069518717,0.005193385,0.009127732,0.009025283,0.000187988,0.931167667
20200807,6081859,198477,235658,178763,229140,304500,7228397,673,17068,20,-23,42,7165,1,0.001379405,-0.033045977,0.004460042,0.00909379,0.008997603,0.000187773,0.93277774
20200808,5255917,106253,143659,88230,109749,226109,5929917,629,16105,43,-44,86,6862,1,0.002961636,-0.0653789,0.004252466,0.009076239,0.008986038,0.000187595,0.935929131
20200809,4775007,49790,100064,44001,35212,195897,5199971,651,16803,36,22,13,4136,1,0.002472188,0.034976153,0.002552277,0.009079222,0.00898532,0.000187733,0.934511577
20200810,5291314,198895,243299,181028,210855,281017,6406408,663,16396,28,12,16,3653,0,0.001918071,0.01843318,0.002248484,0.009073724,0.008982358,0.000187312,0.933816491
20200811,5440994,213683,259840,212233,256378,290050,6673178,626,17489,34,-37,71,9541,0,0.002324627,-0.055806938,0.005859475,0.0090474,0.008950791,0.00018622,0.936493861
20200812,5862715,228562,270682,223612,295448,306172,7187191,623,17375,54,-3,57,8808,0,0.003683492,-0.004792332,0.005377802,0.009031,0.008935707,0.000185224,0.936930814
20200813,6118958,229443,274949,226123,312473,315972,7477918,648,17798,56,25,31,8246,0,0.003805899,0.040128411,0.005007737,0.009022051,0.008925021,0.000184301,0.935477319
20200814,6879878,222660,273705,207916,300319,339972,8224450,705,20132,103,57,46,10186,0,0.006973595,0.087962963,0.006155062,0.009041601,0.008932282,0.000183174,0.93209171
20200815,6795870,103379,152033,84967,125718,271843,7533810,833,21618,166,128,38,10212,0,0.011161165,0.181560284,0.006133024,0.009094273,0.008976921,0.000182057,0.924330075
20200816,6630636,53578,109340,46143,42375,253734,7135806,1103,22005,279,270,9,6491,0,0.018551765,0.324129652,0.003874539,0.009228923,0.009108169,0.000181355,0.908081995
20200817,6359199,167432,195022,151404,220547,282124,7375728,1293,22964,197,190,7,6683,0,0.012860687,0.17225748,0.003973749,0.009315487,0.009188792,0.000180637,0.8970029
20200818,6033744,238015,277953,232385,334205,315503,7431805,1521,25219,246,228,17,8572,1,0.015855624,0.176334107,0.005076785,0.009427433,0.009287336,0.000180314,0.884080959
20200819,5853347,241534,282078,247811,352835,307642,7285247,1746,31022,297,225,72,18022,0,0.018843982,0.147928994,0.010619655,0.009535392,0.009362916,0.000178419,0.872213227
20200820,5831781,240940,281533,242836,350664,306523,7254277,1976,34998,288,230,57,19019,1,0.017934986,0.131729668,0.011089382,0.009620472,0.009426308,0.000177039,0.860332803
20200821,6251602,234851,281193,235669,347967,320940,7672222,2241,38045,324,265,57,20040,2,0.019821363,0.134109312,0.01155654,0.009714011,0.009503324,0.000176156,0.847030594
20200822,5662566,121798,162838,118830,201101,254182,6521315,2524,42427,332,283,49,21677,0,0.019916017,0.126282909,0.012357742,0.009808622,0.009574276,0.000174006,0.833372544
20200823,5081191,54096,100570,47491,49480,214587,5547415,2890,47564,397,366,31,15386,0,0.023350194,0.145007924,0.008664264,0.009978654,0.009713676,0.000172511,0.816138859
20200824,5739551,225466,268323,219910,334673,308121,7096044,3137,47995,266,247,19,13236,0,0.015288235,0.085467128,0.007389517,0.010057349,0.009789839,0.000171246,0.804924993
20200825,5665772,245386,285158,254394,370260,303739,7124709,3349,50362,280,212,67,21415,1,0.015850552,0.067580491,0.011868066,0.010107154,0.009828369,0.000169785,0.796099192
20200826,5064212,222310,260364,220213,297662,277452,6342213,3585,52795,320,236,82,23669,2,0.017832265,0.070468797,0.01296337,0.010165797,0.00987561,0.000168694,0.786641117
20200827,4760620,194696,241408,194659,246200,259897,5897480,3932,52041,441,347,93,20073,1,0.024144539,0.09679219,0.010853168,0.010291944,0.010005461,0.000167417,0.773067465
20200828,5927185,223843,271374,226118,319530,313822,7281872,4210,50711,371,278,90,18138,3,0.019833209,0.070701933,0.009701649,0.010384833,0.010105858,0.000167398,0.762750957
20200829,5367381,125075,164435,125120,200327,243059,6225397,4314,54046,323,104,214,21612,5,0.016931383,0.024703088,0.01144875,0.010456626,0.010160638,0.000168122,0.761082474
20200830,4791057,57412,102227,52331,51709,203614,5258350,4473,58021,299,159,138,14841,2,0.015412371,0.036856745,0.007772888,0.010555963,0.010237661,0.000167865,0.756535865
20200831,5531702,227463,266102,227464,336592,300879,6890202,4650,57876,248,177,70,13519,1,0.012589472,0.039570758,0.007025886,0.010611162,0.010294222,0.000167209,0.750639194
20200901,5390920,245602,281395,257132,356030,293472,6824551,4660,56743,235,10,225,21391,0,0.01178122,0.002150538,0.011039439,0.010609056,0.010301774,0.000165384,0.75304727
20200902,4739747,207338,252017,210523,261958,264583,5936166,4767,56748,267,107,158,21215,2,0.013229611,0.022961373,0.010829063,0.010630881,0.010326239,0.000164622,0.750941366
20200903,4830225,204788,243948,198583,222864,268799,5969207,4786,55524,195,19,173,20257,3,0.009535919,0.003985735,0.010229284,0.010613729,0.010319152,0.000164455,0.75222825
20200904,6148329,244737,280784,240442,344732,320995,7580019,4728,52266,198,-58,254,18354,2,0.009591165,-0.012118679,0.009174468,0.010597771,0.010323413,0.00016395,0.757268976
20200905,5781140,132296,167992,129322,208351,256931,6676032,4668,52077,168,-60,226,18139,2,0.008060647,-0.012690355,0.008984569,0.010584554,0.01031396,0.000163472,0.76197049
20200906,4593196,55199,98173,49371,44022,195094,5035055,4697,49621,167,29,137,8890,1,0.007948596,0.006212511,0.004364165,0.010608051,0.010350769,0.000163251,0.762430939
20200907,4258271,173540,214683,163614,179453,236104,5225665,4663,47109,119,-34,151,5362,2,0.005619304,-0.007238663,0.002620807,0.01062575,0.010381724,0.000163799,0.765261082
20200908,5436864,236477,272056,233935,307599,294545,6781476,4455,43370,136,-208,339,14781,5,0.006386176,-0.044606477,0.007205685,0.010595696,0.010373277,0.000165047,0.776222471
20200909,5412317,230036,271447,240448,342605,292678,6789531,4221,36533,156,-234,387,16156,3,0.007278835,-0.052525253,0.007819647,0.010552862,0.010367711,0.000165207,0.78853993
20200910,5646828,243865,280105,246318,351948,300359,7069423,4037,33018,155,-184,337,17357,2,0.007179915,-0.043591566,0.008335759,0.010521283,0.010355826,0.000164794,0.798417882
20200911,6184424,240556,279349,241950,350558,319579,7616416,3953,29423,176,-84,256,19620,4,0.008094559,-0.02080753,0.009344677,0.010488624,0.010343,0.000165156,0.8036863
20200912,6074193,124664,160379,126359,198839,264949,6949383,3671,27826,136,-282,413,16246,5,0.006204663,-0.071338224,0.007666061,0.010464355,0.010328,0.000166241,0.817456359
20200913,5909247,57751,97938,50449,49627,240346,6405358,3592,27705,121,-79,197,7813,3,0.005486284,-0.021520022,0.003658702,0.010482306,0.010346807,0.000167034,0.821879509
20200914,5754833,232268,270257,228605,335637,307766,7129366,3433,27476,109,-159,263,7732,5,0.004915224,-0.044265033,0.003607572,0.010494338,0.010360288,0.000168759,0.829661207
20200915,5667132,250849,286491,261289,372322,303122,7141205,3146,27310,106,-287,389,13576,4,0.004756563,-0.08360035,0.006311477,0.010476459,0.01034428,0.000169548,0.843106605
20200916,5546362,235115,275874,250637,353455,299137,6960580,2827,25842,113,-319,432,14254,0,0.005046671,-0.101398601,0.006585117,0.010452441,0.01032847,0.000168439,0.858069677
20200917,5651520,239386,275741,247459,356312,300441,7070859,2742,25508,153,-85,233,13060,5,0.006798791,-0.030067209,0.005994037,0.010458441,0.010336732,0.000169716,0.862559033
20200918,6371828,244092,280840,247398,357300,327633,7829091,2635,25403,126,-107,228,14473,5,0.005561195,-0.039022611,0.006602971,0.010446308,0.010326034,0.000170869,0.867796164
20200919,6790062,133091,168082,133352,210221,290837,7725645,2545,24705,110,-90,199,12797,1,0.004828161,-0.034155598,0.005800038,0.010432193,0.010316056,0.000170335,0.872319049
20200920,6166648,61683,105332,61032,61672,251114,6707481,2434,24274,82,-111,188,7539,5,0.003581881,-0.043614931,0.003397228,0.010431674,0.010317955,0.000172003,0.877388466
20200921,5866283,236487,271987,238982,356832,312348,7282919,2412,22536,70,-22,90,4888,2,0.00304679,-0.00903862,0.002195176,0.010432072,0.010326722,0.000172523,0.87862877
20200922,5781640,254447,287244,267979,380323,308919,7280552,2277,23222,61,-135,193,13523,3,0.002646995,-0.055970149,0.006059808,0.010399255,0.010291691,0.00017282,0.884661993
20200923,5815345,250613,287327,264624,381547,310089,7309545,2178,20527,110,-99,209,11787,0,0.004760668,-0.043478261,0.005250072,0.010381099,0.010286681,0.000171917,0.889472777
20200924,5880195,252283,287894,266430,379397,309324,7375523,2116,20782,125,-62,182,12100,5,0.005384218,-0.028466483,0.005361339,0.010382005,0.010286915,0.000173204,0.892506748
20200925,6375639,251017,290833,261999,381162,329680,7890330,2082,19575,114,-34,146,11277,2,0.00488411,-0.016068053,0.004970033,0.0103751,0.010286036,0.000173225,0.89439352
20200926,6314762,141683,177774,154222,251182,281545,7321168,1951,18508,61,-131,188,10069,4,0.002600725,-0.062920269,0.004415694,0.010351095,0.010267449,0.00017421,0.900068039
20200927,5570031,64090,105350,65088,86571,234156,6125286,1962,18878,95,11,82,6172,2,0.004039803,0.005638134,0.002694791,0.010366436,0.010281222,0.000174612,0.899919529
20200928,6186219,241897,278817,241450,362463,326042,7636888,1963,18587,50,1,44,4786,5,0.002117657,0.000509684,0.002084026,0.010365284,0.010281567,0.000176422,0.899877435
20200929,6611309,206309,254688,194719,296362,338176,7901563,1822,20056,38,-141,178,11741,1,0.001606018,-0.071828833,0.005101892,0.010335423,0.010245806,0.000175959,0.905945399
20201005,5506864,217732,257475,211130,312773,300935,6806909,1856,22447,73,31,41,6033,1,0.003030177,0.016986301,0.002571233,0.010371123,0.010272159,0.000179393,0.905727529
20201006,5585401,251913,287020,258947,370781,302524,7056586,1734,22737,75,-122,197,13055,0,0.003103791,-0.065732759,0.005549703,0.010346626,0.010247173,0.000178403,0.911052436
20201007,5666836,249109,286636,257119,372660,304124,7136484,1594,22138,114,-140,251,12640,3,0.004703164,-0.080738178,0.005343631,0.010336873,0.010240644,0.000178716,0.917094403
20201008,6293189,251940,292572,257737,372843,329814,7798095,1532,20978,69,-62,129,10771,2,0.002833326,-0.038895859,0.004529297,0.010313928,0.010223355,0.000178748,0.919785439
20201009,6449186,159679,196737,159465,239633,272251,7476951,1479,20699,54,-53,106,11389,1,0.002211121,-0.0345953,0.004767578,0.010286048,0.010197343,0.000178316,0.922086942
20201010,6410422,117290,152403,105553,193511,275813,7254992,1494,18982,72,15,55,4451,2,0.002941657,0.010141988,0.001854403,0.010289634,0.01020841,0.000178818,0.921622943
20201011,5851674,56655,102931,55031,60199,243011,6369501,1481,19303,58,-13,69,5799,2,0.002362718,-0.008701473,0.002411543,0.010290317,0.010207913,0.000179217,0.922254735
20201012,5842268,235144,276119,234927,351463,314509,7254430,1541,19192,97,60,36,5127,1,0.003942128,0.040513167,0.00212696,0.010308302,0.010226402,0.000179251,0.920090677
20201013,5760413,252008,288849,262573,379298,308607,7251748,1497,20124,91,-44,134,13150,1,0.003683763,-0.028552888,0.00544376,0.010293793,0.010208501,0.000178692,0.922118254
20201014,5768408,246122,285932,254045,378066,308495,7241068,1410,18396,84,-87,167,12683,4,0.003387916,-0.058116232,0.005222006,0.010267238,0.010189875,0.000179402,0.925717501
20201015,5857101,243840,286380,251874,385114,311025,7335334,1467,18262,110,57,52,9296,1,0.004421577,0.040425532,0.003807584,0.010272656,0.010196108,0.00017913,0.923723387
20201016,6420309,241299,286209,248411,366447,329543,7892218,1414,17355,47,-53,98,8687,2,0.001880903,-0.036128153,0.003544645,0.010251545,0.010179204,0.00017931,0.925903735
20201017,6862887,130374,173829,129463,213305,298753,7808611,1407,17318,73,-7,78,9101,2,0.002915918,-0.004950495,0.003700457,0.010243109,0.010171248,0.000179459,0.926318305
20201018,6314162,59326,108556,54212,61135,258835,6856226,1443,17781,91,36,54,6002,1,0.003624343,0.025586354,0.00243141,0.010257055,0.010183352,0.000179428,0.925116076
20201019,5913124,232194,272070,228393,354240,315819,7315840,1463,16763,76,20,56,4697,0,0.003015993,0.013860014,0.001898139,0.010264114,0.010194714,0.000179088,0.924549951
20201020,5815341,248621,286775,256220,376336,308710,7292003,1420,19379,58,-43,98,12085,3,0.002294758,-0.029391661,0.004874505,0.010248259,0.010168542,0.000179424,0.926301662
20201021,5760063,242683,282205,250622,373799,306716,7216088,1390,19493,91,-30,118,12180,3,0.003592153,-0.021126761,0.004888992,0.010235113,0.010155419,0.000179749,0.927627439
20201022,5837394,240761,281644,243810,366604,308726,7278939,1443,19813,119,53,63,11834,3,0.004680617,0.038129496,0.004726999,0.010235575,0.01015495,0.000180096,0.925772227
20201023,6501865,239122,285455,238567,362151,330803,7957963,1526,20430,155,83,70,13296,2,0.006068199,0.057519058,0.005285997,0.010245631,0.010162852,0.00017994,0.922912289
20201024,6986450,129921,172308,126056,218169,297909,7930813,1484,21888,77,-42,117,12058,2,0.002996342,-0.027522936,0.004768607,0.010233084,0.010144926,0.000179873,0.924694471
20201025,6548124,60470,108583,51561,59802,263881,7092421,1510,21682,61,26,35,5467,0,0.002366634,0.017520216,0.002151787,0.010234252,0.010147101,0.000179487,0.923865924
20201026,5969371,230739,274582,228727,355795,315714,7374928,1593,20763,119,83,36,6118,0,0.004605976,0.054966887,0.002402847,0.01025281,0.010169403,0.000179057,0.921017145
20201027,5836039,246486,287466,256216,377104,310060,7313371,1602,23003,88,9,76,15323,3,0.003390484,0.005649718,0.006003689,0.010234679,0.010142986,0.000179157,0.920823254
20201028,5842725,242381,284906,253230,371063,309156,7303461,1612,22904,103,10,92,15373,1,0.003954998,0.006242197,0.005987334,0.010213058,0.010122495,0.000178477,0.92071445
20201029,5908035,242182,286824,250245,367814,311253,7366353,1641,26148,125,29,95,15018,1,0.004780846,0.017990074,0.00581426,0.010214905,0.010112095,0.000177831,0.919949754
20201030,6543278,236971,285733,239406,353750,333637,7992775,1695,26373,114,54,59,14253,1,0.004339386,0.032906764,0.00548619,0.010203577,0.010100562,0.000177243,0.918211105
20201031,7142564,129504,175103,125580,207156,302843,8082750,1736,25678,126,41,84,12261,1,0.004775441,0.024188791,0.004693689,0.010201192,0.010101383,0.000176796,0.917015578
20201101,6012537,57119,109917,50848,52917,243510,6526848,1812,24838,124,76,46,6138,2,0.004677304,0.043778802,0.002338738,0.010221461,0.010124951,0.000177144,0.914473437
20201102,5839586,228909,270868,221508,327606,311976,7200453,1869,25524,97,57,38,6020,2,0.003641825,0.031456954,0.002288425,0.010237729,0.010138623,0.000177498,0.912576687
20201103,5704479,246972,289016,256177,362768,304482,7163894,1825,25815,75,-44,115,13209,4,0.002805626,-0.023542001,0.005009766,0.010215911,0.010116387,0.000178123,0.914313426
20201104,5713483,242658,284992,245394,356509,304837,7147873,1834,24255,117,9,106,12400,2,0.004364532,0.004931507,0.004679494,0.010206201,0.010113216,0.000178044,0.914277225
20201105,5843582,244939,287929,245335,357516,307158,7286459,1839,25062,125,5,119,11446,1,0.004642698,0.002726281,0.004299356,0.010212399,0.010116673,0.000177656,0.914451551
20201106,6474695,239166,289380,239657,351387,328479,7922764,1897,25629,145,58,86,12608,1,0.005360642,0.03153888,0.004715554,0.01022068,0.010123169,0.000177195,0.912738104
20201107,7020164,126826,176252,120253,194928,297669,7936092,1896,26217,89,-1,89,10935,1,0.003272781,-0.000527148,0.004070635,0.010214408,0.010115125,0.000176847,0.913022761
20201108,6477146,58408,113466,52670,57646,260439,7019775,1980,25648,143,84,58,5631,1,0.005241359,0.044303797,0.002087683,0.010244166,0.010146958,0.000176848,0.910377015
20201109,5872106,228660,275117,228337,341904,312365,7258489,2043,25802,126,63,61,6319,2,0.004594181,0.031818182,0.002337878,0.010267586,0.010169799,0.000177174,0.9084277
20201110,5737569,244037,289496,258045,369395,306582,7205124,2007,27855,100,-36,131,14761,5,0.003629501,-0.017621145,0.005448476,0.010256281,0.010151401,0.00017805,0.909879936
20201111,5834450,239435,285916,249012,366587,310272,7285672,2044,28688,145,37,106,12573,2,0.005243744,0.018435476,0.004615708,0.010265362,0.010157747,0.000177962,0.908947009
20201112,5920728,241352,288540,247524,365970,309410,7373524,2049,29284,143,5,138,13238,0,0.00514444,0.002446184,0.00483751,0.010270224,0.01016085,0.000177106,0.909234073
20201113,6561501,238419,290518,243122,356531,331283,8021374,2106,30119,191,57,133,11639,1,0.006836077,0.027818448,0.004232718,0.010299529,0.010187191,0.000176721,0.907788561
20201114,6981484,127059,175838,126385,210173,295396,7916335,2208,34692,205,102,99,15878,4,0.007287334,0.048433048,0.005749963,0.010331821,0.010202763,0.000177151,0.90471485
20201115,6458665,60549,117762,56356,60960,262472,7016764,2360,36378,208,152,55,9589,1,0.007340486,0.06884058,0.00345265,0.010377757,0.010242293,0.000176901,0.900049047
20201116,5889116,229654,276021,230251,352336,311678,7289056,2513,38314,222,153,68,10812,1,0.007777466,0.064830508,0.003879613,0.010424828,0.010282061,0.000176574,0.895466871
20201117,5696785,246035,288943,260061,371752,306002,7169578,2642,41202,230,129,101,18065,0,0.00799555,0.051333068,0.006457117,0.0104507,0.010297778,0.000175442,0.891847151
20201118,5581020,229412,278214,237452,350889,300746,6977733,2812,42688,285,170,113,18579,2,0.009828942,0.064345193,0.006598235,0.010488802,0.010330829,0.000174997,0.887025716
20201119,5182195,201579,255175,207256,302426,280733,6429364,3010,45525,325,198,125,19463,2,0.011099348,0.070412518,0.006866874,0.010542434,0.010374256,0.000174504,0.881510505
20201120,6406527,237049,284180,234194,340553,328070,7830573,3190,48143,348,180,165,19585,3,0.011754374,0.059800664,0.006862791,0.010602296,0.010424657,0.000174359,0.876777726
20201121,6594011,125789,169669,119360,195350,286558,7490737,3472,51345,386,282,102,23303,2,0.012886426,0.088401254,0.008109961,0.010663057,0.010474049,0.000173647,0.868984838
20201122,5642238,54222,103593,50809,51801,236430,6139093,3699,54029,330,227,101,12144,2,0.01087673,0.065380184,0.004192381,0.010743317,0.010543769,0.000173609,0.862927943
20201123,5739815,228127,270910,229028,345359,306789,7120028,3893,56455,271,194,73,13245,4,0.008835996,0.052446607,0.004553382,0.010797326,0.010588719,0.000174191,0.857729227
20201124,5553384,244192,284951,257860,373377,301001,7014765,4058,57769,349,165,183,24264,1,0.011279532,0.042383766,0.008303697,0.010832361,0.01061997,0.000173096,0.854010866
20201125,5589571,239126,279937,252086,374705,301392,7036817,4334,55838,382,276,103,20006,3,0.012208373,0.0680138,0.006790128,0.010881964,0.010677124,0.00017294,0.846962617
20201126,5615460,238940,279713,249919,374538,300809,7059379,4788,55361,581,454,125,21639,2,0.018344279,0.104753115,0.007294843,0.010998015,0.010794245,0.000172357,0.835581186
20201127,6178252,237122,279550,247620,368534,319167,7630245,5189,56637,555,401,153,21518,1,0.017207702,0.083751044,0.007201518,0.011110577,0.010901482,0.000171457,0.826109485
20201128,5948076,125466,163076,129973,220086,264057,6850734,5440,58794,503,251,246,22441,6,0.015331626,0.048371555,0.007456723,0.011203957,0.010986695,0.000172167,0.821020083
20201129,5304584,58920,102973,56422,64297,224934,5812130,5696,62829,450,256,193,14968,1,0.013509051,0.047058824,0.004936773,0.011313709,0.011080413,0.000171649,0.815793371
20201130,5495128,223891,268098,226288,344058,299400,6856863,6048,63365,438,352,83,14262,3,0.012973549,0.061797753,0.004680811,0.011408014,0.011171872,0.00017183,0.807772157
20201201,5241030,238558,276926,252887,357908,286214,6653523,6239,64892,451,191,260,22825,0,0.01318752,0.031580688,0.007456299,0.011476919,0.011235427,0.000170558,0.804761905
20201202,5320097,235216,274147,248955,359962,289535,6727912,6570,65154,511,331,180,22973,0,0.014747475,0.053053374,0.007449104,0.011559221,0.011316821,0.000169297,0.79818549
20201203,5402771,234691,275836,242209,354895,290453,6800855,6813,65788,533,243,287,24909,3,0.015158841,0.036986301,0.008017141,0.011641541,0.011396999,0.000168908,0.794307166
20201204,6006954,235740,280761,241969,353834,313785,7433043,7176,64017,629,363,259,25524,7,0.017622009,0.053280493,0.008149745,0.011742157,0.011504082,0.00016976,0.787682735
20201205,5853500,124646,162596,121251,203069,259933,6724995,7449,66267,583,273,306,23086,4,0.016050436,0.038043478,0.00731171,0.011850801,0.011603883,0.000169785,0.783531133
20201206,5188634,57157,102658,53098,57199,220619,5679365,7864,67716,631,415,211,14371,5,0.017097491,0.055712176,0.00451849,0.012003612,0.011749192,0.000170587,0.775981032
20201207,5468088,223472,264651,225572,343147,297104,6822034,8302,68010,615,438,173,14509,4,0.016383835,0.055696846,0.00454136,0.01214507,0.011887702,0.000171062,0.76800692
20201208,5275467,235956,278591,251687,367646,285614,6694961,8537,71274,587,235,349,11948,3,0.015385825,0.028306432,0.003722853,0.012297935,0.012025834,0.000171359,0.765378559
20201209,5320132,232854,271687,245982,363868,288648,6723171,8676,75080,670,139,527,31904,4,0.017295232,0.016282066,0.00990403,0.012400024,0.012113848,0.000170908,0.765738791
20201210,5387017,234693,274688,245351,362789,290303,6794841,8888,72764,680,212,460,24727,8,0.017254942,0.024435224,0.007600779,0.012507558,0.012229915,0.000172059,0.7642246
20201211,5990160,234119,275310,238516,354374,313662,7406141,9049,77688,689,161,520,33265,8,0.017186759,0.018114311,0.010148123,0.012611013,0.012315132,0.000172746,0.764063956
20201212,5754883,123742,159987,129809,220234,257370,6646025,9657,86742,950,608,336,38651,6,0.023296876,0.067189745,0.011672769,0.012787761,0.012456633,0.000172544,0.754721051
20201213,4429723,53889,95645,55234,55591,187532,4877614,10364,90129,1030,707,321,24731,2,0.024683666,0.073211142,0.007382692,0.013018258,0.012670565,0.000171873,0.744047897
20201214,5147860,216856,260947,213380,332163,280988,6452194,10787,89247,718,423,288,22444,7,0.016792179,0.040814357,0.006650876,0.013143519,0.012798212,0.000172798,0.738384396
20201215,5010621,231058,270602,236696,350079,278589,6377645,11197,93473,880,410,457,44181,13,0.020241053,0.038008714,0.013005746,0.013249516,0.012889622,0.000174357,0.734038236
20201216,5059843,226470,267896,232249,346199,280342,6412999,11875,94784,1078,678,388,47549,12,0.024303364,0.060551934,0.013817491,0.013386632,0.013022939,0.00017542,0.725161773
20201217,5196021,229776,271712,240095,353479,284428,6575511,12204,99258,1014,329,663,50071,22,0.022318088,0.027705263,0.014352062,0.013503974,0.013125212,0.000179155,0.723604891
20201218,5685074,230380,271859,237571,351780,296663,7073327,12885,110618,1064,681,372,50957,11,0.022907337,0.055801377,0.014399359,0.013656103,0.013235296,0.000179676,0.715229837
20201219,5208566,122284,157117,122477,201027,237529,6049000,13564,126233,1045,679,352,56450,14,0.021994444,0.052696934,0.015725132,0.013794555,0.013316988,0.000180734,0.707086517
20201220,4391717,55712,99213,54642,57376,191433,4850093,14258,139475,1097,694,388,36847,15,0.022592005,0.051164848,0.010105465,0.014012237,0.013481607,0.000182998,0.699279011
20201221,5354118,222985,263168,224766,345555,292664,6703256,14725,146438,924,467,433,30765,24,0.018608773,0.032753542,0.008353036,0.014177757,0.013618726,0.000187945,0.695065048
20201222,5240879,240351,278200,259315,372269,284847,6675861,14794,151129,866,69,773,58569,24,0.017122069,0.004685908,0.015770397,0.01420596,0.013636848,0.000191389,0.698390483
20201223,5350465,240059,276873,257489,374231,289021,6788138,15069,153109,1090,275,798,54140,17,0.021188088,0.018588617,0.014351507,0.01430097,0.013728758,0.000193124,0.699090113
20201224,5807736,233359,275934,243282,361393,308390,7230094,15338,150533,985,269,699,55640,17,0.018749762,0.017851218,0.014540452,0.014341825,0.013785719,0.000194735,0.699284366
20201225,4528026,116853,147996,114858,185446,199322,5292501,15938,156789,1240,600,623,57146,17,0.023169342,0.039118529,0.014719981,0.014476692,0.01390051,0.000196225,0.694826421
20201226,4790910,103861,133213,94967,176741,213372,5513064,16565,157012,1131,627,484,30057,20,0.020654139,0.039339942,0.007629935,0.014660068,0.014080182,0.000199778,0.689425658
20201227,4196367,50497,89742,51206,54417,183224,4625453,17012,166976,970,447,508,36997,15,0.01735552,0.026984606,0.009320531,0.01480949,0.014192271,0.000201677,0.686598663
20201228,5303435,217877,259324,224009,338014,286004,6628663,17579,169878,806,567,228,31894,11,0.014175167,0.033329415,0.007960751,0.014906853,0.014279771,0.000202808,0.680955849
20201229,5186948,232722,268604,256669,365254,280542,6590739,17148,170962,1044,-431,1435,59872,40,0.018104256,-0.024517891,0.014826041,0.014949544,0.014325899,0.000209606,0.693289048
20201230,4952545,216766,254121,228186,323998,268829,6244445,17446,171771,1050,298,732,61343,20,0.017884517,0.01737812,0.014968381,0.014985917,0.01436706,0.000211323,0.69335676
20201231,5513627,180714,220824,174898,249639,288471,6628173,17556,170338,967,110,836,54358,21,0.016181392,0.00630517,0.013068351,0.015018295,0.014411208,0.00021358,0.696082467
20210101,4184529,72636,103120,62611,52430,171247,4646573,17884,176927,1027,328,682,55436,17,0.016911753,0.018683071,0.013155593,0.015089989,0.014464636,0.000214789,0.695550086
20210102,4564549,86371,114767,65675,82325,194984,5108671,18054,179387,820,170,625,33482,25,0.013278492,0.009505703,0.007842487,0.015175326,0.014542654,0.000218928,0.696423435
20210103,4134736,47856,90733,51243,45398,180879,4550845,17762,186472,657,-292,929,38040,20,0.010499569,-0.016173701,0.008840773,0.015220399,0.014566566,0.000221617,0.703879426
20210104,4941054,208683,247803,212135,310044,277443,6197162,18030,190732,1020,268,733,35770,19,0.016131328,0.015088391,0.008240358,0.015349501,0.014680571,0.000224147,0.704113555
20210105,4873901,229160,266918,249459,350472,273223,6243133,17786,193751,714,-244,932,62752,26,0.011112668,-0.013533001,0.014338067,0.015301717,0.014633889,0.000226835,0.710721158
20210106,4761313,220229,259656,238207,341304,265652,6086361,17781,192082,838,-5,823,65506,20,0.012899253,-0.00028112,0.014755754,0.015257687,0.014607116,0.000227976,0.714177165
20210107,3781324,200741,243241,214781,274470,197524,4912081,17977,191762,869,196,654,64943,19,0.013206085,0.011023002,0.014416211,0.015228732,0.014589691,0.000228894,0.714677826
20210108,4670470,204080,245756,199661,280626,249435,5850028,17896,190452,674,-81,720,60196,35,0.010109191,-0.004505757,0.013172562,0.015169569,0.014545579,0.000233477,0.718216375
20210109,4276543,110305,141073,103834,161576,200576,4993907,17563,185923,641,-333,955,59612,19,0.009518011,-0.01860751,0.012875168,0.015095854,0.014497368,0.000234561,0.725491638
20210110,3701044,46697,84852,46656,48675,163812,4091736,17110,191454,657,-453,1085,33847,25,0.009663612,-0.02579286,0.007217445,0.015146504,0.014532576,0.000238173,0.734354059
20210111,4955795,210075,251863,213616,310360,275965,6217674,15403,189763,451,-1707,2143,28222,15,0.00657013,-0.099766219,0.005974861,0.015146048,0.014541176,0.000239915,0.760576019
20210112,4807955,224031,264875,246581,335857,262409,6141708,14898,186770,537,-505,1017,62400,25,0.007771908,-0.032785821,0.0131322,0.015048055,0.014464241,0.000241999,0.769315832
20210113,4905459,220581,261588,239722,336277,266447,6230074,14372,182914,561,-526,1067,58227,20,0.008056641,-0.035306753,0.012095148,0.014968465,0.014406525,0.000243211,0.778368213
20210114,5229520,226449,267288,241396,348939,281993,6595585,13750,169742,524,-622,1136,53047,10,0.007465132,-0.043278597,0.010887452,0.014870224,0.014357753,0.000242622,0.788664678
20210115,5691220,225579,267280,238634,344124,300449,7067286,13476,162323,512,-274,764,52715,22,0.007240126,-0.019927273,0.010702786,0.014790858,0.014308563,0.000244472,0.793721658
20210116,5361269,118509,150982,119253,189863,243389,6183265,13019,155639,580,-457,1018,54196,19,0.008142751,-0.03391214,0.010886955,0.014725143,0.01426972,0.000245615,0.801487279
20210117,4456219,52248,92313,55235,54063,192101,4902179,12827,159385,520,-192,699,29020,13,0.007241432,-0.014747676,0.005766788,0.014755302,0.014290642,0.000246775,0.805389263
20210118,4395456,198707,243790,211440,294767,239901,5584061,12731,158035,389,-96,470,25930,15,0.005378202,-0.007484213,0.005123206,0.014752558,0.014294268,0.000248466,0.807544212
20210119,4940937,223253,265215,235904,334227,271556,6271092,12353,154345,386,-378,745,53106,19,0.005308177,-0.029691305,0.010439113,0.014661927,0.014221683,0.000249595,0.813471219
20210120,5259050,226696,267444,245167,351107,286523,6635987,12028,148141,404,-325,712,51804,17,0.005526373,-0.026309399,0.010077972,0.014573404,0.014157597,0.000250379,0.818686401
20210121,5187133,222113,267228,239171,347180,280832,6543657,11746,141070,400,-282,666,45479,16,0.005441585,-0.023445294,0.008759228,0.014501623,0.014111035,0.00025126,0.823266764
20210122,5636344,218521,261866,228998,324291,299327,6969347,11511,133132,346,-235,569,44618,12,0.004681496,-0.020006811,0.008518782,0.014420803,0.014057344,0.000251409,0.82709349
20210123,5293022,113297,144493,112207,181274,242120,6086413,11304,136629,431,-207,629,47484,9,0.005804401,-0.017982799,0.0089894,0.01438165,0.014012971,0.000250858,0.830742452
20210124,4774976,48668,86790,47766,49009,203352,5210561,11198,135765,392,-106,486,24642,12,0.005248711,-0.009377212,0.00462352,0.014386475,0.014021691,0.000251945,0.832878245
20210125,5406112,217847,258093,224281,331426,296012,6733771,11198,134549,437,0,426,21737,11,0.005820691,0,0.004059692,0.014406848,0.014046284,0.000252972,0.833699711
20210126,5021414,216825,262234,237051,328221,279222,6344967,9699,138624,349,-1499,1837,46677,11,0.00462166,-0.13386319,0.008682342,0.014356744,0.013989737,0.000252823,0.854079064
20210127,5380720,229667,267729,244670,335456,292923,6751165,9566,138427,559,-133,685,46484,7,0.007368546,-0.013712754,0.008572017,0.014335886,0.013973044,0.000251954,0.856795164
20210128,4848520,219300,262940,240453,332175,259462,6162850,9517,139424,497,-49,538,52942,8,0.006503363,-0.005122308,0.009679947,0.014289873,0.013929083,0.000250988,0.858253487
20210129,5451850,217198,259617,221304,313986,292304,6756259,9486,142753,469,-31,487,47075,13,0.006097323,-0.003257329,0.008524702,0.014261102,0.013895557,0.0002512,0.859345118
20210130,5348761,119841,153128,126951,197613,239802,6186096,9309,145795,456,-177,618,47266,15,0.005892386,-0.018659077,0.008486941,0.014229172,0.013859808,0.000251757,0.862250141
20210131,4824814,54912,96117,56358,54769,205596,5292566,8900,149550,354,-409,757,24290,6,0.004547557,-0.043935976,0.004324736,0.014240427,0.013862883,0.000251737,0.868027315
20210201,5181493,214249,252283,215038,298843,285981,6447887,8769,149456,305,-131,431,21024,5,0.003900356,-0.014719101,0.003727119,0.014241202,0.013865276,0.000251685,0.87014509
20210202,5224630,235047,271183,252769,343112,285233,6611974,8629,154265,336,-140,466,49571,10,0.004280091,-0.015965332,0.008755278,0.014186953,0.013803764,0.000251251,0.872347442
20210203,5191954,231443,271006,255636,350824,279867,6580730,8566,138849,467,-63,524,45301,6,0.005923464,-0.007300962,0.007931662,0.014116751,0.013776262,0.000250316,0.87381787
20210204,4995888,222656,263962,245156,333824,265603,6327089,8605,120538,451,39,405,46381,7,0.005686833,0.004552883,0.008056853,0.014035407,0.013743873,0.000249522,0.873954637
20210205,5850860,233837,274672,251463,354375,306945,7272152,8551,107457,370,-54,413,44083,11,0.004639091,-0.006275421,0.007596464,0.013960086,0.013703534,0.000249522,0.875073321
20210206,5653301,126653,161097,134434,202250,255807,6533542,8548,97677,390,-3,388,46175,5,0.004867273,-0.000350836,0.007896972,0.013892599,0.013662341,0.000248415,0.875653589
20210207,4823813,55883,98291,59804,61589,208575,5307955,8552,90751,371,4,360,23622,7,0.004607723,0.000467946,0.004008245,0.013883435,0.013670499,0.000248607,0.876087924
20210208,5655190,226319,262246,237441,357263,303404,7041863,8484,84843,288,-68,353,21221,3,0.003560479,-0.007951356,0.003586461,0.013868291,0.013670145,0.000248224,0.877328274
20210209,5740818,239223,276217,258149,370408,305741,7190556,8321,82630,303,-163,458,49209,8,0.00373263,-0.019212636,0.00828686,0.013798832,0.0136084,0.00024752,0.87968679
20210210,6242284,192974,241578,182293,278980,322348,7460457,8211,80076,444,-110,550,42618,4,0.005449257,-0.013219565,0.007117942,0.013768694,0.013585852,0.000246434,0.881632753
20210215,5346922,190320,229567,188029,282019,287975,6524832,8540,80146,343,103,235,22774,5,0.004106899,0.012208131,0.003709069,0.013786773,0.013607481,0.000247775,0.879956118
20210216,5136609,223768,264356,242405,340876,278102,6486116,8233,76897,457,-307,757,50630,7,0.005449494,-0.035948478,0.008215342,0.013740198,0.013570151,0.000246882,0.88416471
20210217,5041318,217624,259128,228753,326935,277461,6351219,8041,72410,621,-192,809,47077,4,0.007364975,-0.023320782,0.007576579,0.013726058,0.013567301,0.000245665,0.88722495
20210218,5223294,218658,259756,229486,333487,286065,6550746,8120,70720,621,79,536,42647,6,0.007311129,0.009824649,0.006812003,0.013728052,0.013574027,0.000244954,0.887050023
20210219,5956281,224923,267169,236563,348407,311953,7345296,8058,71116,561,-62,617,42778,6,0.006556802,-0.007635468,0.006786696,0.013724733,0.013570928,0.000244249,0.888436038
20210220,5969565,121603,156117,123254,200764,263593,6834896,7933,76137,448,-125,570,44639,3,0.005201983,-0.015512534,0.007034204,0.01370957,0.013546237,0.000243012,0.890422669
20210221,5359788,55012,96388,51986,55525,225434,5844133,7912,73356,416,-21,433,20709,4,0.004805415,-0.00264717,0.003240525,0.013724396,0.013567367,0.000242851,0.891142151
20210222,5702163,220815,259496,225017,345328,305908,7058727,7868,72461,332,-44,371,17804,5,0.00381675,-0.005561173,0.002776955,0.013736252,0.013581435,0.000242956,0.892002703
20210223,5549034,235569,273970,256609,368145,298916,6982243,7706,74065,356,-162,507,43535,11,0.004077098,-0.020589731,0.006771508,0.013701874,0.013545087,0.000243021,0.89416354
20210224,5613221,232806,272620,252858,365165,301194,7037864,7487,74988,440,-219,656,38309,3,0.005018649,-0.028419413,0.005918569,0.013690646,0.013532969,0.000242052,0.897143441
20210225,5619806,231090,270602,249506,361791,300607,7033402,7440,68672,395,-47,437,40225,5,0.00448288,-0.006277548,0.006178018,0.013653288,0.01351017,0.000241329,0.89807701
20210226,6263845,227705,269803,237323,347143,323128,7668947,7430,68942,387,-10,393,38852,4,0.004372486,-0.001344086,0.005930505,0.013631855,0.013489245,0.000240514,0.898588222
20210227,6639591,126254,160852,128576,218198,282011,7555482,7382,68989,415,-48,453,37149,10,0.004668429,-0.006460296,0.005637122,0.013618014,0.013476251,0.000240674,0.89948494
20210228,6414462,54283,92850,45261,52783,247439,6907078,7365,72889,355,-17,364,21792,8,0.003974919,-0.002302899,0.00328826,0.013634946,0.013485474,0.000241089,0.899983271
20210301,4826883,108965,134505,89891,123693,209091,5493028,7345,73745,355,-20,373,16749,2,0.003959181,-0.002715547,0.002519023,0.013655926,0.013504847,0.000240783,0.900577649
20210302,5240090,220360,261468,219763,299255,287676,6528612,7420,73432,344,75,268,16221,1,0.003821373,0.010211028,0.002433483,0.013673814,0.013523545,0.000240348,0.90011509
20210303,5408689,240033,276746,251177,353043,293116,6822804,7496,65867,444,76,362,34227,6,0.004913461,0.010242588,0.005122287,0.013654648,0.013520735,0.000240017,0.899700467
20210304,5402998,236107,274532,244686,357973,290392,6806688,7451,60089,424,-45,462,35697,7,0.004669192,-0.006003202,0.005315057,0.01363338,0.013512048,0.000239784,0.900583129
20210305,6013544,233670,277065,239364,350156,316531,7430330,7443,63707,398,-8,398,37111,8,0.004362504,-0.001073681,0.005496379,0.013624663,0.013496811,0.000239652,0.901014951
20210306,5820202,122836,156835,119329,196256,259709,6675167,7503,65171,418,60,353,32932,5,0.004561825,0.008061266,0.00485078,0.013623073,0.01349293,0.000239228,0.9007583
20210307,5162260,54917,97737,50784,54255,220043,5639996,7610,66396,416,107,307,21183,2,0.004519381,0.014260962,0.003105127,0.013644339,0.013511953,0.00023878,0.900025956
20210308,5576169,222889,265171,226635,349826,301683,6942373,7694,67394,346,84,254,18683,8,0.003741997,0.011038108,0.002730185,0.013659748,0.013525588,0.000239295,0.899407391
20210309,5483313,238547,278741,253912,374694,297820,6927027,7711,70501,446,17,426,41175,3,0.004805517,0.002209514,0.006000604,0.013648918,0.01350952,0.000238303,0.899674016
20210310,5545852,233633,275172,248849,371222,298768,6973496,7766,70278,470,55,412,35900,3,0.00503989,0.007132668,0.005200649,0.013645564,0.013507359,0.000237502,0.899558287
20210311,5617334,235310,276171,244504,370712,298592,7042623,7864,68248,465,98,363,38101,4,0.00496127,0.012619109,0.005490941,0.013633606,0.013500244,0.000236778,0.898971239
20210312,5924557,217430,266860,221188,336151,311630,7277816,7274,68738,488,-590,1068,35679,10,0.005180962,-0.075025432,0.005113813,0.013634794,0.013501146,0.000237,0.90561793
20210313,6275750,121509,156814,116178,196712,275332,7142295,6877,67874,490,-397,882,34118,5,0.005175382,-0.054577949,0.004865198,0.013636661,0.013505313,0.000236562,0.910222867
20210314,5702013,55138,95459,48945,53960,238367,6193882,6551,69843,459,-326,783,19619,2,0.004822999,-0.047404391,0.002784108,0.013667864,0.013532773,0.000236188,0.914041912
20210315,5688789,226184,269308,229923,347533,307146,7068883,6578,71590,379,27,346,18539,6,0.003963274,0.004121508,0.002623542,0.013689178,0.013550856,0.000236417,0.914037518
20210316,5521298,236348,279429,252301,370172,297783,6957331,6437,78044,363,-141,501,41137,3,0.003780974,-0.021435087,0.005806259,0.013673318,0.01352357,0.000235473,0.915793297
20210317,5606030,235007,278549,248378,368284,300784,7037032,6339,83462,469,-98,559,45433,8,0.00486666,-0.015224483,0.006375598,0.013662295,0.013503293,0.000235097,0.917130495
20210318,5674304,235345,278931,243373,370280,301184,7103417,6418,89722,445,79,364,46577,2,0.004595256,0.012462534,0.006494727,0.013647449,0.013477809,0.000233857,0.916676946
20210319,6312641,233872,280470,242787,363589,326498,7759857,6534,88341,463,116,345,46854,2,0.004759262,0.018074166,0.006491194,0.013620238,0.013454617,0.000232624,0.915864426
20210320,5596488,110485,149918,107384,180188,247809,6392272,6552,93018,447,18,426,44009,3,0.00457303,0.002754821,0.006057723,0.013607944,0.013434761,0.000231634,0.916033566
20210321,5554184,55420,98843,49167,51920,232601,6042135,6626,98308,456,74,379,23764,3,0.004643868,0.011294261,0.003251356,0.013636227,0.013453409,0.000231292,0.915641156
20210322,5659923,224075,265646,226635,350933,302167,7029379,6757,103132,415,131,283,23250,1,0.004206792,0.019770601,0.003170722,0.013658803,0.013467304,0.000230697,0.914662091
20210323,5597244,238412,279840,253130,375023,300691,7044340,6628,100172,346,-129,468,45026,7,0.003492656,-0.019091313,0.00612102,0.013616419,0.013432122,0.000230239,0.916186338
20210324,5625371,234602,277719,249634,372893,300851,7061070,6572,94326,428,-56,481,40220,3,0.004305359,-0.008449004,0.005434408,0.013589299,0.013417038,0.000229398,0.917076493
20210325,5744406,237485,280092,248806,373680,303928,7188397,6492,86983,430,-80,508,44649,2,0.004306934,-0.012172855,0.006000234,0.013551923,0.013394455,0.000228297,0.918210015
20210326,6475294,234156,281130,244608,364181,330542,7929911,6412,77409,489,-80,562,43543,7,0.004876881,-0.012322859,0.005816701,0.013520947,0.013381939,0.000227907,0.919331467
20210327,5938134,116164,153102,109747,200195,257460,6774802,6067,75174,505,-345,845,43165,5,0.005012009,-0.053805365,0.005732859,0.013506428,0.013372348,0.000227268,0.923091356
20210328,5446639,50044,92123,45647,47613,226594,5908660,6168,78605,482,101,380,23028,1,0.004759883,0.016647437,0.003040977,0.013535338,0.013395264,0.00022671,0.922453192
20210329,5746630,223270,267607,223930,346355,307793,7115585,6277,78938,382,109,269,20734,4,0.003754484,0.017671855,0.00272974,0.013549383,0.013408953,0.000226618,0.921636786
20210330,5663562,239402,282943,257211,374156,304300,7121574,6282,78424,447,5,439,47669,3,0.004376903,0.000796559,0.00625879,0.013522246,0.013383876,0.0002256,0.921900287
20210331,5690098,235295,278490,250299,368875,304381,7127438,6319,71302,506,37,467,43801,2,0.004933024,0.005889844,0.005715163,0.013498336,0.013373468,0.000224578,0.921905316
20210401,7709836,314354,367086,331590,504803,412050,9639719,6457,68659,551,138,409,39503,4,0.005345363,0.021838899,0.005125069,0.013496004,0.013376399,0.000223949,0.920950295
20210402,8524807,300248,357393,318176,484705,440936,10426265,6590,70752,557,133,422,40992,2,0.00537484,0.020597801,0.005291132,0.013500153,0.013377512,0.000223027,0.920077168
20210403,7609735,136371,190748,134890,239181,330280,8641205,6795,75288,543,205,335,41306,3,0.005211733,0.031107739,0.005303601,0.013506163,0.01337629,0.000222234,0.918505505
20210404,7150892,62547,122341,59650,62330,299242,7757002,6941,79799,543,146,393,19875,4,0.005184711,0.021486387,0.002538444,0.013549342,0.013411598,0.00022218,0.917500997
20210405,7849445,291134,346227,292179,462187,417438,9658610,7099,80497,473,158,311,19344,4,0.004493037,0.022763291,0.002464369,0.013577636,0.013438738,0.000222143,0.916338052
20210406,7583321,311036,366303,338548,514118,412643,9525969,7109,79155,477,10,463,52470,4,0.004510766,0.001408649,0.006668091,0.013545293,0.013409939,0.000221176,0.91658194
20210407,7576437,305799,361161,326293,511227,408010,9488927,7208,74642,668,99,565,44877,4,0.006288598,0.013926009,0.005665366,0.013545166,0.013418249,0.000220432,0.916139655
20210408,7701659,305530,362116,327202,511708,411288,9619503,7474,77994,700,266,432,46254,2,0.006548666,0.036903441,0.005806306,0.013560149,0.013428153,0.000219409,0.914194364
20210409,8709849,306145,359656,321620,498153,446682,10642105,7713,81912,671,239,426,46692,6,0.006236523,0.031977522,0.005827453,0.013571554,0.013433614,0.000218883,0.912463168
20210410,9276837,157995,206103,151864,274754,393235,10460788,7874,90014,677,161,515,47517,1,0.006253291,0.020873849,0.005896059,0.013589277,0.013438385,0.000217723,0.911520103
20210411,8428736,72755,128473,63009,80093,343096,9116162,7677,91909,614,-197,808,22902,3,0.00563613,-0.02501905,0.002825095,0.013630151,0.013476054,0.000217479,0.913786808
20210412,7258654,268389,333480,277012,451656,389933,8979124,7567,95248,587,-110,695,23251,2,0.005358088,-0.014328514,0.002860067,0.013669319,0.013509622,0.000217104,0.915226846
20210413,7354152,292626,351194,313111,470753,402337,9184173,7576,85584,542,9,528,47736,5,0.004920965,0.001189375,0.005855179,0.013639421,0.013497074,0.00021645,0.915515481
20210414,7643326,309530,362947,331382,515050,412159,9574394,7649,74627,731,73,651,44869,7,0.006604447,0.009635692,0.005471484,0.013635696,0.013512283,0.000216121,0.915351751
20210415,7762641,312568,370124,333749,524196,416367,9719645,7811,70221,698,162,530,45738,6,0.006264922,0.021179239,0.005547102,0.01363743,0.013521929,0.000215652,0.914380263
20210416,8463492,293251,358780,312885,498138,438819,10365365,7933,70883,673,122,549,42207,2,0.006002926,0.015618999,0.005090624,0.013650311,0.013534202,0.0002148,0.913791728
20210417,8724558,153730,206780,151777,281515,376032,9894392,8055,71039,658,122,532,44447,4,0.005834109,0.015378797,0.005333641,0.013656741,0.01354094,0.000214138,0.913181069
20210418,8031676,71382,131408,66145,82043,330688,8713342,8311,72191,671,256,412,18287,3,0.005914865,0.031781502,0.002182798,0.01370924,0.013591365,0.000214029,0.911421911
20210419,7819313,294270,350158,302304,492597,418165,9676807,8371,70763,532,60,468,18755,4,0.004662005,0.007219348,0.002233784,0.013739837,0.013624295,0.000214027,0.911274706
20210420,7624779,314686,369697,343130,526714,409939,9588945,8166,66590,549,-205,753,43771,1,0.004788654,-0.024489308,0.005201656,0.01372676,0.013618697,0.000213038,0.913468467
20210421,7614745,306510,364848,332363,519281,405888,9543635,8243,67211,731,77,650,39002,4,0.006345762,0.009429341,0.004610933,0.013750977,0.013642214,0.000212531,0.913315391
20210422,7695628,306821,362967,330276,516079,406963,9618734,8394,67139,735,151,582,39911,2,0.006340252,0.018318573,0.004696741,0.013772841,0.013664531,0.000211771,0.912550038
20210423,8625127,304954,363516,317692,497982,443843,10553114,8576,69939,797,182,612,46025,3,0.00683176,0.021682154,0.005390919,0.013796528,0.013684114,0.000210985,0.91156839
20210424,8940209,153436,206146,148811,276050,384105,10108757,8642,78269,777,66,710,49393,1,0.006615131,0.007695896,0.005754392,0.013821132,0.013695825,0.000209894,0.911582865
20210425,8143539,69743,128471,62554,76765,332730,8813802,8591,77560,644,-51,694,21868,1,0.00544678,-0.005901412,0.002533093,0.013859834,0.013735629,0.000209479,0.91248244
20210426,7826583,294610,352844,306587,488384,421822,9690830,8711,78084,499,120,375,18187,4,0.004197545,0.013968106,0.002101379,0.013889409,0.013764361,0.000209501,0.911809546
20210427,7574722,313422,370694,344762,527426,412026,9543052,8375,76508,512,-336,845,48631,3,0.004288897,-0.038571921,0.005607186,0.01386797,0.013746317,0.000208677,0.914963717
20210428,7640152,308642,367383,335676,525772,412274,9589899,8590,77166,769,215,553,44889,1,0.006414213,0.025671642,0.005146871,0.013885878,0.013763649,0.000207723,0.913715512
20210429,7758772,311945,372130,340266,530998,417726,9731837,8726,80392,679,136,539,39281,4,0.005627429,0.015832363,0.004480809,0.013906317,0.01377936,0.00020725,0.913044553
20210430,8923126,295952,361540,316772,486573,455739,10839702,8749,82511,661,23,635,42513,3,0.005447593,0.002635801,0.004827852,0.013917642,0.013787859,0.000206594,0.913302568
20210501,8603193,130383,179809,113388,157900,352460,9537133,8458,85212,627,-291,915,35096,3,0.005139386,-0.033260944,0.003966415,0.013937662,0.013803968,0.000206115,0.916094466
20210502,8350866,69739,129694,63496,68387,331483,9013665,8534,86607,606,76,528,14846,2,0.004941856,0.008985576,0.001671209,0.013985158,0.01384904,0.000205996,0.915874124
20210503,8124783,305516,357087,306601,493839,426675,10014501,8530,89022,488,-4,491,17092,1,0.00396001,-0.000468713,0.001920831,0.014017192,0.013877227,0.000205713,0.916230197
20210504,8114115,304853,366569,325444,508603,423875,10043459,8293,78096,541,-237,772,41829,6,0.004372777,-0.027784291,0.004691808,0.013994839,0.01387282,0.000205422,0.918453899
20210505,7995664,167120,207255,160030,262744,328631,9121444,8146,78995,676,-147,816,36914,7,0.005440162,-0.017725793,0.004121175,0.014014129,0.013891043,0.000205358,0.920015688
20210506,8226248,310782,363696,315931,508871,423086,10148614,8169,77055,574,23,547,16923,4,0.004594316,0.002823472,0.001881573,0.014048789,0.013928655,0.000205416,0.92016636
20210507,9102541,310733,373285,335388,516480,454711,11093138,8154,78896,525,-15,531,40362,9,0.0041829,-0.00183621,0.004479196,0.014046987,0.013924547,0.000205494,0.920546511
20210508,9761315,154400,199583,150527,281979,403747,10951551,7991,78259,701,-163,859,37812,5,0.005561903,-0.019990189,0.004177497,0.014064844,0.013943744,0.000205189,0.922232655
20210509,8851635,70776,128345,61900,77459,350746,9540861,8004,81280,564,13,542,16605,9,0.004450161,0.00162683,0.0018269,0.01410617,0.013980255,0.000205804,0.92240438
20210510,7638651,283114,350009,298847,474026,412488,9457135,8045,83398,463,41,421,16288,1,0.003637049,0.005122439,0.001788756,0.01413528,0.014006048,0.000205546,0.922356845
20210511,7661797,316850,372480,344207,518558,414878,9628770,7678,84628,510,-367,873,42225,4,0.003991735,-0.045618397,0.004628889,0.014127628,0.013997166,0.000205035,0.925495424
20210512,7684742,308537,365587,334207,525739,414160,9632972,7652,84279,635,-26,656,37255,5,0.004950341,-0.003386299,0.004065238,0.014139007,0.014009504,0.000204748,0.926025336
20210513,7904895,314557,372430,342653,533124,419642,9887301,7827,87517,715,175,533,39614,7,0.005546548,0.022869838,0.004305149,0.01416093,0.014026821,0.000204628,0.925029316
20210514,8917971,317648,379188,334978,526649,455890,10932324,8083,95208,747,256,489,40138,2,0.005762822,0.032707295,0.004343397,0.01419223,0.014046645,0.000203959,0.923479915
20210515,8064165,143713,198975,137151,254483,346579,9145066,7874,99216,681,-209,887,37803,3,0.005223554,-0.025856736,0.004073033,0.014214071,0.01406274,0.000203453,0.92544944
20210516,6263774,60537,124967,59102,60470,260639,6829489,7998,101663,610,124,482,17520,4,0.004654641,0.015748031,0.001880011,0.014256925,0.014101686,0.0002035,0.924822652
20210517,7535264,273226,335700,285151,449652,404421,9283414,8215,101804,619,217,399,16686,3,0.004701432,0.027131783,0.001787158,0.014298336,0.014142709,0.000203458,0.923511313
20210518,8521461,321864,374600,337867,511891,445820,10513503,8274,103413,528,59,468,41704,1,0.003991503,0.007181984,0.004458747,0.014293462,0.01413613,0.000202661,0.923363627
20210519,8282090,180089,220958,173442,295042,356008,9507629,8314,104494,654,40,606,33640,8,0.004924365,0.004834421,0.003580626,0.014313691,0.014155058,0.000202786,0.923379513
20210520,7689926,294544,355507,305466,488034,410483,9543960,8534,108873,646,220,422,18714,4,0.004840293,0.02646139,0.001984803,0.014360895,0.014195397,0.000202808,0.922078309
20210521,8517986,299005,365254,323211,492983,439834,10438273,8590,114144,561,56,499,39750,6,0.004183164,0.006561987,0.004207526,0.01436792,0.014195053,0.000202591,0.921942526
20210522,9061933,158167,208440,151725,286391,383476,10250132,8378,117558,666,-212,874,33858,4,0.004945422,-0.02467986,0.003568843,0.014392229,0.014214524,0.00020229,0.923863569
20210523,8137110,71765,131198,65291,81000,329846,8816210,8109,122235,585,-269,849,15333,5,0.004322575,-0.032107902,0.001610446,0.014438079,0.014253014,0.000202489,0.926133563
20210524,7920220,302368,358991,316397,505026,425398,9828400,8098,120704,538,-11,546,17314,3,0.003958182,-0.001356517,0.001815589,0.014466269,0.014283497,0.000202437,0.926483413
20210525,7592327,311007,370776,343986,528654,409971,9556721,8044,117098,516,-54,566,39114,4,0.003781356,-0.006668313,0.004094158,0.014455505,0.014279047,0.000202028,0.927125388
20210526,7797608,317072,369970,345056,541135,417774,9788615,8166,121069,705,122,581,36729,2,0.005146925,0.015166584,0.003828838,0.014479848,0.014297796,0.000201465,0.926597908
20210527,7553319,293459,357332,323979,508270,404843,9441202,8186,122659,629,20,606,36235,3,0.004568565,0.00244918,0.003762933,0.014493193,0.014309272,0.00020102,0.926765431
20210528,8371873,286788,355519,308215,480799,433393,10236587,8189,122872,587,3,581,36763,3,0.00424412,0.000366479,0.003803453,0.014499171,0.014315554,0.000200568,0.927031736
20210529,8993202,159922,211302,156898,279498,382203,10183025,7739,123790,533,-450,978,31135,5,0.003837404,-0.054951765,0.003208982,0.014509044,0.014324521,0.00020044,0.930502263
20210530,8190964,76539,136893,69326,83879,332697,8890298,7571,126493,480,-168,642,14024,6,0.003442612,-0.021708231,0.001440784,0.014541862,0.014353155,0.000200767,0.931898591
20210531,7263254,278895,329552,285756,443019,394121,8994597,7557,127953,430,-14,442,13544,2,0.003073426,-0.001849161,0.001389468,0.014568258,0.014377292,0.000200693,0.932192762
