집계일자,1종교통량,2종교통량,3종교통량,4종교통량,5종교통량,6종교통량,총교통량,decideCnt,clearCnt,examCnt,deathCnt,careCnt,resutlNegCnt,accExamCnt,accExamCompCnt,accDefRate
20200101,5179287,69285,139674,56505,47966,219017,5711734,0,1,1,0,0,0,0,0,0
20200102,5270468,205143,264086,186271,264039,297441,6487448,#N/A,#N/A,#N/A,#N/A,#N/A,#N/A,#N/A,#N/A,#N/A
20200103,5661518,227649,296568,224709,313996,312206,7036646,#N/A,#N/A,#N/A,#N/A,#N/A,#N/A,#N/A,#N/A,#N/A
20200104,5595676,117323,194373,109813,171529,258204,6446918,#N/A,#N/A,#N/A,#N/A,#N/A,#N/A,#N/A,#N/A,#N/A
20200105,4871393,52691,139683,46335,46099,218329,5374530,#N/A,#N/A,#N/A,#N/A,#N/A,#N/A,#N/A,#N/A,#N/A
20200106,5125070,208784,280897,208502,291856,294209,6409318,#N/A,#N/A,#N/A,#N/A,#N/A,#N/A,#N/A,#N/A,#N/A
20200107,4686913,200049,276164,203875,252242,273298,5892541,#N/A,#N/A,#N/A,#N/A,#N/A,#N/A,#N/A,#N/A,#N/A
20200108,4959869,212690,282222,210869,265056,287118,6217824,#N/A,#N/A,#N/A,#N/A,#N/A,#N/A,#N/A,#N/A,#N/A
20200109,5212239,228358,294706,226007,302824,295216,6559350,#N/A,#N/A,#N/A,#N/A,#N/A,#N/A,#N/A,#N/A,#N/A
20200110,5751608,229130,305889,223797,308949,318753,7138126,#N/A,#N/A,#N/A,#N/A,#N/A,#N/A,#N/A,#N/A,#N/A
20200111,5824252,117824,203344,114044,173062,270315,6702841,#N/A,#N/A,#N/A,#N/A,#N/A,#N/A,#N/A,#N/A,#N/A
20200112,5035222,51434,143561,46481,46133,225762,5548593,#N/A,#N/A,#N/A,#N/A,#N/A,#N/A,#N/A,#N/A,#N/A
20200113,5373732,218414,290065,211361,304041,305507,6703120,#N/A,#N/A,#N/A,#N/A,#N/A,#N/A,#N/A,#N/A,#N/A
20200114,5267521,232099,305217,238882,329448,300461,6673628,#N/A,#N/A,#N/A,#N/A,#N/A,#N/A,#N/A,#N/A,#N/A
20200115,5309926,228959,303117,235012,330610,301469,6709093,#N/A,#N/A,#N/A,#N/A,#N/A,#N/A,#N/A,#N/A,#N/A
20200116,5376438,229229,305123,237781,329488,303707,6781766,#N/A,#N/A,#N/A,#N/A,#N/A,#N/A,#N/A,#N/A,#N/A
20200117,5857989,231521,310250,235061,330785,326500,7292106,#N/A,#N/A,#N/A,#N/A,#N/A,#N/A,#N/A,#N/A,#N/A
20200118,5721431,123855,206170,122118,181585,268932,6624091,#N/A,#N/A,#N/A,#N/A,#N/A,#N/A,#N/A,#N/A,#N/A
20200119,4850230,54547,145762,55286,56931,220374,5383130,#N/A,#N/A,#N/A,#N/A,#N/A,#N/A,#N/A,#N/A,#N/A
20200120,5559087,224097,290380,222961,327822,314855,6939202,#N/A,#N/A,#N/A,#N/A,#N/A,#N/A,#N/A,#N/A,#N/A
20200121,5563121,238407,306525,253535,355717,314626,7031931,#N/A,#N/A,#N/A,#N/A,#N/A,#N/A,#N/A,#N/A,#N/A
20200122,5667381,228137,297535,232499,339798,318585,7083935,#N/A,#N/A,#N/A,#N/A,#N/A,#N/A,#N/A,#N/A,#N/A
20200123,6160566,174030,252981,153772,226408,323453,7291210,#N/A,#N/A,#N/A,#N/A,#N/A,#N/A,#N/A,#N/A,#N/A
20200124,6635540,52927,122111,29909,42208,243683,7126378,#N/A,#N/A,#N/A,#N/A,#N/A,#N/A,#N/A,#N/A,#N/A
20200125,8853268,15866,88194,7212,8888,281213,9254641,#N/A,#N/A,#N/A,#N/A,#N/A,#N/A,#N/A,#N/A,#N/A
20200126,6942180,25038,103032,16259,19637,246217,7352363,#N/A,#N/A,#N/A,#N/A,#N/A,#N/A,#N/A,#N/A,#N/A
20200127,4631754,65635,135384,49216,50489,203862,5136340,#N/A,#N/A,#N/A,#N/A,#N/A,#N/A,#N/A,#N/A,#N/A
20200128,5083800,180527,249027,165088,225174,290837,6194453,#N/A,#N/A,#N/A,#N/A,#N/A,#N/A,#N/A,#N/A,#N/A
20200129,5143426,217576,287828,220226,305611,299516,6474183,#N/A,#N/A,#N/A,#N/A,#N/A,#N/A,#N/A,#N/A,#N/A
20200130,5192498,218556,290150,223711,317793,298660,6541368,#N/A,#N/A,#N/A,#N/A,#N/A,#N/A,#N/A,#N/A,#N/A
20200131,5544506,217625,292393,217464,310252,314630,6896870,#N/A,#N/A,#N/A,#N/A,#N/A,#N/A,#N/A,#N/A,#N/A
20200201,5135494,114962,187389,103400,161167,248607,5951019,#N/A,#N/A,#N/A,#N/A,#N/A,#N/A,#N/A,#N/A,#N/A
20200202,4278047,51056,137707,43448,42489,201165,4753912,2,2,2,2,0,0,0,0,0
20200203,5125555,215633,281127,207651,299129,297892,6426987,15,0,0,0,0,0,0,0,0
20200204,5003574,225437,292183,231059,321644,290544,6364441,0,0,0,0,0,0,0,0,0
20200205,4881935,216803,284040,212876,305785,284120,6185559,37,1,169,0,0,0,0,0,0
20200206,4980014,213815,282405,210006,302641,290015,6278896,23,1,169,0,0,0,0,0,0
20200207,5550663,215498,285155,210210,304576,315871,6881973,48,4,591,0,0,0,0,0,0
20200208,5222159,109458,178774,103499,172211,256432,6042533,48,4,1559,0,0,0,0,0,0
20200209,4433194,48630,125776,41185,42769,206475,4898029,52,6,1848,0,0,0,0,0,0
20200210,5263003,210071,270122,198629,299279,304200,6545304,54,6,1340,0,0,0,0,0,0
20200211,5209794,224247,285022,224915,321784,301353,6567115,56,8,1627,0,0,0,0,0,0
20200212,4791640,193519,258709,188097,258844,281904,5972713,56,11,1777,0,0,0,0,0,0
20200213,5273229,219109,277570,211779,291555,301165,6574407,56,14,1232,0,0,0,0,0,0
20200214,5877788,219890,284236,211434,311356,329096,7233800,56,14,1227,0,0,0,0,0,0
20200215,5767272,114702,180796,103146,168677,271210,6605803,56,16,1196,0,0,0,0,0,0
20200216,4354194,48512,125637,47610,41243,197532,4814728,58,18,1062,0,0,0,0,0,0
20200217,4792041,197707,258384,188472,269750,273127,5979481,60,19,1116,0,0,0,0,0,0
20200218,5010841,218741,278560,215819,304233,290941,6319135,62,22,1775,0,0,0,0,0,0
20200219,5216463,219989,280261,216978,316849,300717,6551257,97,28,2179,0,0,0,0,0,0
20200220,5272477,221788,281028,218003,320981,300071,6614348,186,32,3493,1,0,0,0,0,0
20200221,5539009,219375,280602,212161,314805,312202,6878154,360,33,5887,2,0,0,0,0,0
20200222,4725033,110977,172983,105100,170565,227688,5512346,779,35,11518,4,0,0,0,0,0
20200223,3832721,52716,114596,44721,51561,177796,4274111,1158,36,14096,9,0,0,0,0,0
20200224,4857148,214259,271403,208810,310803,282442,6144865,1596,40,20356,14,0,0,0,0,0
20200225,4127021,194302,256453,201075,259083,249451,5287385,1870,44,27153,18,0,0,0,0,0
20200226,4602604,224838,273776,229581,303901,269746,5904446,2407,46,37450,23,0,0,0,0,0
20200227,4626154,226024,276948,231620,328638,268461,5957845,3361,50,46665,25,0,0,0,0,0
20200228,4711916,207441,264507,210397,296188,273100,5963549,4359,53,54988,26,0,0,0,0,0
20200229,4152963,114097,160557,111248,169046,202050,4909961,6081,55,64336,33,0,0,0,0,0
20200301,3416780,51883,104248,46015,48726,159145,3826797,7262,60,65782,35,0,0,0,0,0
20200302,4613964,213722,256066,204004,302573,271524,5861853,4212,31,33799,22,4159,71580,109591,75792,5.557314756
20200303,4511985,224797,270192,234896,333938,266472,5842280,4812,34,35555,28,4750,85484,125851,90296,5.329139718
20200304,4519835,219043,265232,225245,329044,266799,5825198,5328,41,28414,32,5255,102965,136707,108293,4.919985595
20200305,4607961,219196,265390,225521,333883,268442,5920393,5766,88,21810,35,5643,118965,146541,124731,4.622748154
20200306,5149788,219001,266990,222665,332197,291238,6481879,6284,108,21832,42,6134,136624,164740,142908,4.397234584
20200307,4420312,111113,151538,103382,174262,213753,5174360,6767,118,19620,44,6605,151802,178189,158569,4.267542836
20200308,4123087,48545,91661,43621,45947,185056,4537917,7134,130,19376,50,6954,162008,188518,169142,4.21775786
20200309,4867836,210258,253232,209380,317343,282371,6140420,7382,166,17458,51,7165,171778,196618,179160,4.120339361
20200310,4306253,196500,244512,204652,285049,258564,5495530,7513,247,18452,54,7212,184179,210144,191692,3.919308057
20200311,4844387,221802,259311,226009,327113,279899,6158521,7755,288,18540,60,7407,196100,222395,203855,3.804174536
20200312,4921003,221492,261842,229857,343742,281676,6259612,7869,333,17727,66,7470,209402,234998,217271,3.621744273
20200313,5352543,220550,261187,223611,340342,301922,6700155,7979,510,17940,67,7402,222728,248647,230707,3.458499309
20200314,5033531,116280,149709,116315,200795,237381,5854011,8086,714,17634,72,7300,235615,261335,243701,3.318000336
20200315,4202023,50237,91977,45686,50050,189776,4629749,8162,834,16272,75,7253,243778,268212,251940,3.239660237
20200316,4975193,211743,247850,208862,325860,286602,6256110,8236,1137,14971,75,7024,251297,274504,259533,3.173392208
20200317,4836230,223554,258760,236003,353541,280187,6188275,8320,1401,17291,81,6838,261105,286716,269425,3.088057901
20200318,5009780,222081,255570,233304,351787,286811,6359333,8413,1540,16346,84,6789,270888,295647,279301,3.012162506
20200319,4751334,216109,250655,225246,344449,268791,6056584,8565,1947,15904,91,6527,282555,307024,291120,2.942085738
20200320,5548677,222960,256123,227709,341553,307173,6904195,8652,2233,15525,94,6325,292487,316664,301139,2.873091828
20200321,5337575,116678,144360,110417,193713,250026,6152769,8799,2612,15704,102,6085,303006,327509,311805,2.82195603
20200322,4713674,49543,83936,44361,49751,208163,5149428,8897,2909,14540,104,5884,308343,331780,317240,2.804501324
20200323,5131832,215554,247256,214701,334193,293144,6436680,8961,3166,13628,111,5684,315447,338036,324408,2.762262336
20200324,5022430,228493,260767,241773,357116,287408,6397987,9037,3507,15440,120,5410,324105,348582,333142,2.712657065
20200325,5110183,227188,256998,239128,355226,291049,6479772,9137,3730,14278,126,5281,334481,357896,343618,2.659057442
20200326,4879693,212677,247004,214177,323643,279768,6156962,9241,4144,14369,131,4966,341332,364942,350573,2.635970254
20200327,5329886,203979,240039,202121,281838,300262,6558125,9332,4528,15219,139,4665,352410,376961,361742,2.579739151
20200328,6300657,116627,543375,112048,674798,310811,8058316,9478,4811,16564,144,4523,361883,387925,371361,2.552233541
20200329,4692642,55300,87379,45919,48990,207106,5137336,9583,5033,15028,152,4398,369530,394141,379113,2.527742388
20200330,5246751,217678,246500,213153,324451,297846,6546379,9661,5228,13531,158,4275,372002,395194,381663,2.531290694
20200331,5052415,225129,255822,236652,343268,290105,6403391,9786,5408,16892,162,4216,383886,410564,393672,2.485825764
20200401,5022688,228829,255426,231842,336785,285889,6361459,9887,5567,16585,165,4155,395075,421547,404962,2.441463644
20200402,5157354,228882,256917,229366,343543,289785,6505847,9976,5828,17885,169,3979,403882,431743,413858,2.410488622
20200403,5750115,226896,256253,227080,338925,314379,7113648,10062,6021,18908,174,3867,414303,443273,424365,2.371072072
20200404,5613265,116903,142336,109054,188071,255844,6425473,10156,6325,20144,177,3654,424732,455032,434888,2.33531392
20200405,5048606,51604,86032,45737,49075,217540,5498594,10237,6463,19571,183,3591,431425,461233,441662,2.317835811
20200406,5247214,216665,245006,211596,324188,297737,6542406,10284,6598,19295,186,3500,437225,466804,447509,2.298054341
20200407,5118214,227333,256196,237755,347507,292003,6479008,10331,6694,20650,192,3445,446323,477304,456654,2.262325524
20200408,5155473,224535,252477,226816,338080,291259,6488640,10384,6776,17858,200,3408,457761,486003,468145,2.218116182
20200409,5199109,224462,252940,226010,338093,290182,6530796,10423,6973,15509,204,3246,468779,494711,479202,2.175074395
20200410,5773978,224643,253949,219381,333994,315684,7121629,10450,7117,15298,208,3125,477303,503051,487753,2.142477853
20200411,5483718,114958,140036,110640,192027,253143,6294522,10480,7243,14070,211,3026,485929,510479,496409,2.111162368
20200412,4655136,49200,81976,43147,46675,205371,5081505,10512,7368,13788,214,2930,490321,514621,500833,2.098903227
20200413,5294074,217273,245826,211360,321566,299326,6589425,10537,7447,13391,217,2873,494815,518743,505352,2.08508129
20200414,5581805,232473,263078,237447,349484,312841,6977128,10564,7534,14651,222,2808,502223,527438,512787,2.060114628
20200415,4721626,137525,152828,128225,195596,226106,5561906,10591,7616,15026,225,2750,508935,534552,519526,2.038589022
20200416,5407497,227621,256770,223994,341463,299563,6756908,10613,7757,14268,229,2627,513894,538775,524507,2.023423901
20200417,5367854,202395,240211,204770,288152,301294,6604676,10635,7829,14186,230,2576,521642,546463,532277,1.998019828
20200418,5708005,114849,141967,108138,169995,261523,6504477,10653,7937,13550,232,2484,530631,554834,541284,1.968098078
20200419,4586814,51735,85939,44201,44612,203281,5016582,10661,8042,12243,234,2385,536205,559109,546866,1.949472083
20200420,5315431,218556,245568,208849,314423,299803,6602630,10674,8114,11981,236,2324,540380,563035,551054,1.937015247
20200421,5239622,230636,259957,233244,343926,294603,6601988,10683,8213,12721,237,2233,547610,571014,558293,1.913511364
20200422,5229832,223883,252759,224932,338700,293633,6563739,10694,8277,12121,238,2179,555144,577959,565838,1.88994023
20200423,5326820,226508,256832,226994,337135,298027,6672316,10702,8411,10139,240,2051,563130,583971,573832,1.865005786
20200424,5902418,226821,257489,225462,336303,323304,7271797,10708,8501,9600,240,1967,569212,589520,579920,1.846461581
20200425,5850215,115544,144714,113861,198494,266750,6689578,12801,10718,9259,240,1843,575184,597244,587985,2.177096354
20200426,5271664,53320,86582,45938,49693,228332,5735529,10728,8717,8999,242,1769,578558,598285,589286,1.820508208
20200427,5554264,222283,250857,216260,331571,311201,6886436,10738,8764,8895,243,1731,582027,601660,592765,1.811510464
20200428,5538529,240820,267011,251702,363718,309312,6971092,10752,8854,9203,244,1654,588559,608514,599311,1.794060179
20200429,6235348,241782,271910,246807,354138,337436,7687421,10761,8922,8307,246,1593,595129,614197,605890,1.776064962
20200430,6644809,133526,157719,121137,172111,275000,7504302,10765,9059,8634,247,1459,600482,619881,611247,1.761153838
20200501,6627674,129724,148164,102733,108268,281164,7397727,10774,9072,8685,248,1454,603610,623069,614384,1.753626397
20200502,6935460,102903,128963,82338,122996,278160,7650820,10780,9123,8496,250,1407,608286,627562,619066,1.741332911
20200503,5935707,48525,89988,43105,37446,237175,6391946,10793,9183,8588,250,1360,611592,630973,622385,1.734135623
20200504,6139515,189789,210076,173482,274948,311954,7299764,10801,9217,8176,252,1332,614944,633921,625745,1.726102486
20200505,5401281,120881,142584,115242,174723,233323,6188034,10804,9283,8858,254,1267,620575,640237,631379,1.711175063
20200506,5610202,231468,258985,222262,333523,315380,6971820,10806,9333,8009,255,1218,624280,643095,635086,1.701501844
20200507,5725338,241520,268483,248187,361103,317890,7162521,10810,9419,8429,256,1135,630149,649388,640959,1.686535332
20200508,6501932,234569,267085,234869,346513,350377,7935345,10822,9484,8867,256,1082,635174,654863,645996,1.675242571
20200509,5372729,370746,807532,398437,362474,1145750,8457668,10840,9568,9153,256,1016,640037,660030,650877,1.665445238
20200510,5541802,50971,93377,45225,43915,239796,6015086,10874,9610,10128,256,1008,642884,663886,653758,1.663306606
20200511,5650625,223243,257333,213763,323169,315491,6983624,10909,9632,10922,256,1021,646661,668492,657570,1.658986876
20200512,5490764,235688,269749,236242,346276,305892,6884611,10936,9670,16330,258,1008,653624,680890,664560,1.645600096
20200513,5542519,231214,264884,234620,344477,306506,6924220,10962,9695,19579,259,1008,665379,695920,676341,1.62078005
20200514,5682959,235721,269103,231909,346254,311856,7077802,10991,9762,20722,260,969,679771,711484,690762,1.591141377
20200515,5589231,194362,240988,187782,260700,308853,6781916,11018,9821,19875,260,937,695854,726747,706872,1.558698039
20200516,5960211,112913,149644,99505,153969,272173,6748415,11037,9851,18343,262,924,711265,740645,722302,1.528031211
20200517,5514738,54934,99977,46111,42893,239058,5997711,11050,9888,17660,262,900,718943,747653,729993,1.513713145
20200518,5450373,211971,245800,201067,299619,305875,6714705,11065,9904,16093,263,898,726053,753211,737118,1.501116511
20200519,5225871,210382,249730,212156,292235,296554,6486928,11078,9938,16925,263,877,737571,765574,748649,1.479732158
20200520,5651566,236233,269889,232967,341707,312909,7045271,11110,10066,16351,263,781,748972,776433,760082,1.461684397
20200521,5703158,232069,266457,227584,342082,313057,7084407,11122,10135,18089,264,723,759473,788684,770595,1.443300307
20200522,6285805,229152,263350,218018,333555,335455,7665335,11142,10162,20286,264,716,770990,802418,782132,1.42456772
20200523,6485570,121533,157804,112858,192008,291571,7361344,11165,10194,21569,266,705,781686,814420,792851,1.408209109
20200524,5421758,53544,98163,46523,45933,235149,5901070,11190,10213,20333,266,711,788766,820289,799956,1.398826935
20200525,5728958,221019,256405,208035,324799,318176,7057392,11206,10226,19089,267,713,796142,826437,807348,1.388001209
20200526,5588527,236004,271998,239324,345027,308798,6989678,11225,10275,22044,269,681,806206,839475,817431,1.373204589
20200527,5619032,231031,267485,232892,343368,310553,7004361,11265,10295,21061,269,701,820550,852876,831815,1.354267475
20200528,5677719,233151,269266,230360,343225,310355,7064076,11344,10340,22370,269,735,834952,868666,846296,1.340429353
20200529,6272837,225894,267194,227280,335383,335754,7664342,11402,10363,24557,269,770,849161,885120,860563,1.324946576
20200530,6537611,121702,160007,120867,196300,292643,7429130,11441,10398,26298,269,774,865162,902901,876603,1.305151819
20200531,5692442,60282,103213,51002,51625,242509,6201073,11468,10405,23294,270,793,876060,910822,887528,1.292128248
20200601,5630340,223915,258779,211622,311126,312400,6948182,11503,10422,24058,271,810,885830,921391,897333,1.281909837
20200602,5437497,232236,272996,237103,334143,302830,6816805,11541,10446,28922,272,823,899388,939851,910929,1.266948357
20200603,5519345,232053,270762,232802,333554,307194,6895710,11590,10467,27865,273,850,917397,956852,928987,1.247595499
20200604,5631483,232627,271612,233296,324267,307010,7000295,11629,10499,28199,273,857,934030,973858,945659,1.229724457
20200605,6452237,230827,272526,224790,329891,339218,7849489,11668,10506,28766,273,889,950526,990960,962194,1.212645267
20200606,6582135,109957,149696,95273,154629,281171,7372861,11719,10531,27954,273,915,965632,1005305,977351,1.199057452
20200607,5842474,55411,107055,50701,46025,247654,6349320,11776,10552,26481,273,951,974512,1012769,986288,1.193971741
20200608,5749899,224156,262744,218519,328281,316699,7100298,11814,10563,24374,273,978,982026,1018214,993840,1.188722531
20200609,5607542,239284,278914,248241,351758,460094,7185833,11852,10589,27459,274,989,996686,1035997,1008538,1.175166429
20200610,5629902,236730,275553,237564,343011,307630,7030390,11902,10611,26223,276,1015,1013847,1051972,1025749,1.160322847
20200611,5628556,225892,267934,223666,317943,307999,6971990,11947,10654,25494,276,1017,1029447,1066888,1041394,1.147212294
20200612,6342764,228615,273227,226065,322517,333889,7727077,12003,10669,24244,277,1057,1045240,1081487,1057243,1.135311371
20200613,6053745,109262,150509,97268,147729,275083,6833596,12051,10691,23352,277,1083,1059301,1094704,1071352,1.124840389
20200614,5353347,50304,102154,44064,38879,231772,5820520,12085,10718,21356,277,1090,1066887,1100328,1078972,1.120047601
20200615,5822631,224153,265906,209487,311312,318934,7152423,12121,10730,20793,277,1114,1072805,1105719,1084926,1.117219055
20200616,5653864,238506,280459,239467,341717,310598,7064611,12155,10760,22632,278,1117,1084980,1119767,1097135,1.107885538
20200617,5691705,234850,277222,238395,337733,313775,7093680,12198,10774,21489,279,1145,1099136,1132823,1111334,1.097599821
20200618,5540214,220320,266439,220496,311812,304296,6863577,12257,10800,21714,280,1177,1111741,1145712,1123998,1.090482367
20200619,6426046,229277,274050,224418,324251,336674,7814716,12306,10835,21190,280,1191,1124567,1158063,1136873,1.082442806
20200620,6795367,123780,167418,114945,179024,296229,7676763,12373,10856,21470,280,1237,1137058,1170901,1149431,1.07644565
20200621,6041637,57570,111801,52681,50698,253796,6568183,12421,10868,20071,280,1273,1143971,1176463,1156392,1.074116736
20200622,5863865,226065,267280,221990,330441,318164,7227805,12438,10881,19403,280,1277,1150225,1182066,1162663,1.069785484
20200623,5792499,247182,286417,253350,362561,315402,7257411,12484,10908,22278,281,1295,1161250,1196012,1173734,1.063614073
20200624,5332370,208588,259402,214055,298121,293765,6606301,12535,10930,20245,281,1324,1175817,1208597,1188352,1.05482214
20200625,5441024,205262,252576,204080,274147,299803,6676892,12563,10974,18900,282,1307,1189015,1220478,1201578,1.045541779
20200626,6461559,225442,274435,223080,322407,338573,7845496,12602,11172,18828,282,1148,1200885,1232315,1213487,1.03849485
20200627,6731809,121291,165112,119200,194610,292934,7624956,12653,11317,19866,282,1054,1211261,1243780,1223914,1.033814467
20200628,6005815,56317,105706,49910,48097,251446,6517291,12715,11364,19005,282,1069,1219975,1251695,1232690,1.03148399
20200629,5684518,213438,260986,207840,301066,311859,6979707,12757,11429,18499,282,1046,1228698,1259954,1241455,1.027584568
20200630,5184997,203073,253734,212259,271132,293471,6418666,12800,11537,20809,282,981,1240157,1273766,1252957,1.021583342
20200701,5586784,235363,273144,228663,302232,307162,6933348,12850,11613,19526,282,955,1252855,1285231,1265705,1.015244468
20200702,5707095,235748,275773,232623,322036,309055,7082330,12904,11684,19782,282,938,1263276,1295962,1276180,1.011142629
20200703,6323861,231638,276644,226246,317287,332461,7708137,12967,11759,21560,282,926,1273234,1307761,1286201,1.008162799
20200704,6498968,120140,163939,111489,170489,286063,7351088,13030,11811,22321,283,936,1284172,1319523,1297202,1.00446962
20200705,5786759,54341,107909,48821,43383,244136,6285349,13091,11832,21649,283,976,1291315,1326055,1304406,1.003598573
20200706,5711866,218196,261100,211947,310716,315199,7029024,13137,11848,21292,284,1005,1297367,1331796,1310504,1.002438756
20200707,5562218,231951,273691,236979,334017,308451,6947307,13181,11914,23675,285,982,1309338,1346194,1322519,0.996658649
20200708,5636506,230166,270987,231668,334553,308682,7012562,13244,11970,24012,285,989,1322479,1359735,1335723,0.991522943
20200709,5733148,232040,273790,235189,334044,310632,7118843,13293,12019,23912,287,987,1334566,1371771,1347859,0.986230756
20200710,5983924,203560,256337,200203,275378,320572,7239974,13338,12065,23527,288,985,1348025,1384890,1361363,0.97975338
20200711,6415968,114250,157301,106758,164093,283756,7242126,13373,12144,22950,288,941,1360618,1396941,1373991,0.973296041
20200712,5517535,51599,103923,45709,40901,234501,5994168,13417,12178,21830,289,950,1366897,1402144,1380314,0.972025206
20200713,4996826,180829,232574,171628,222704,280783,6085344,13479,12204,21845,289,986,1372988,1408312,1386467,0.972183254
20200714,5405802,216274,258938,213180,271040,298461,6663695,13512,12282,24289,289,941,1382815,1420616,1396327,0.967681639
20200715,5658247,230407,273566,229813,315388,307621,7015042,13551,12348,23297,289,914,1394468,1431316,1408019,0.96241599
20200716,5820603,233000,274319,234438,328731,312932,7204023,13612,12396,23404,291,925,1404332,1441348,1417944,0.959981494
20200717,6478738,232216,277443,233893,331245,336456,7889991,13672,12460,23110,293,919,1414235,1451017,1427907,0.957485326
20200718,6637650,121685,165299,115174,174926,291873,7506607,13711,12519,22923,294,898,1423570,1460204,1437281,0.953954028
20200719,5237395,50771,103652,45550,37473,223003,5697844,13745,12556,21953,295,894,1429601,1465299,1443346,0.952301111
20200720,5448006,196729,243555,187782,260360,302454,6638886,13771,12572,21302,296,903,1435120,1470193,1448891,0.950451069
20200721,5701319,230096,271699,230608,322724,311865,7068311,13816,12643,23864,296,877,1444710,1482390,1458526,0.947257711
20200722,5332892,208050,258134,209309,285911,290966,6585262,13879,12698,21751,297,884,1456441,1492071,1470320,0.943944175
20200723,5174250,199644,250734,196227,253560,282706,6357121,13938,12758,21418,297,883,1465498,1500854,1479436,0.942115779
20200724,5900481,202295,252735,194783,242246,313759,7106299,13979,12817,20559,298,864,1475789,1510327,1489768,0.938334022
20200725,6051677,111056,151706,102134,144301,268268,6829142,14092,12866,19681,298,928,1484861,1518634,1498953,0.940122872
20200726,5728084,53477,102255,44566,40498,243957,6212837,14150,12890,19214,298,962,1489562,1522926,1503712,0.94100466
20200727,5646498,206490,253385,197444,273072,304043,6880932,14175,12905,18770,299,971,1494029,1526974,1508204,0.939859595
20200728,5419799,214234,257498,216007,277571,297140,6682249,14203,13007,20444,300,896,1503057,1537704,1517260,0.93609533
20200729,5423653,206473,256575,208991,273912,293632,6663236,14251,13069,19326,300,882,1513730,1547307,1527981,0.932668665
20200730,5676820,206741,256320,208323,267173,302519,6917896,14269,13132,19018,300,837,1522928,1556215,1537197,0.928247973
20200731,6694856,203125,253257,200543,267938,336674,7956393,14305,13183,18330,301,821,1531161,1563796,1545466,0.925610787
20200801,6767220,107035,147935,94279,123591,274004,7514064,14336,13233,18278,301,802,1539216,1571830,1553552,0.922788552
20200802,6049353,53199,104678,46386,34457,233737,6521810,14366,13259,17768,301,806,1544112,1576246,1558478,0.921796779
20200803,6031314,165700,204419,152128,197444,289849,7040854,14389,13280,17401,301,808,1547967,1579757,1562356,0.920980878
20200804,5940112,178564,215475,172620,212219,292269,7011259,14423,13352,18724,301,770,1556633,1589780,1571056,0.918044933
20200805,5842332,186188,221214,175719,226371,291017,6942841,14456,13406,18490,302,748,1565241,1598187,1579697,0.915112202
20200806,5478908,189615,223870,176156,221423,280573,6570545,14499,13501,18031,302,696,1573957,1606487,1588456,0.912773158
20200807,6081859,198477,235658,178763,229140,304500,7228397,14519,13543,17068,303,673,1582065,1613652,1596584,0.909379024
20200808,5255917,106253,143659,88230,109749,226109,5929917,14562,13629,16105,304,629,1589847,1620514,1604409,0.907623929
20200809,4775007,49790,100064,44001,35212,195897,5199971,14598,13642,16803,305,651,1593249,1624650,1607847,0.907922209
20200810,5291314,198895,243299,181028,210855,281017,6406408,14626,13658,16396,305,663,1597281,1628303,1611907,0.907372448
20200811,5440994,213683,259840,212233,256378,290050,6673178,14660,13729,17489,305,626,1605695,1637844,1620355,0.904740011
20200812,5862715,228562,270682,223612,295448,306172,7187191,14714,13786,17375,305,623,1614563,1646652,1629277,0.903099964
20200813,6118958,229443,274949,226123,312473,315972,7477918,14770,13817,17798,305,648,1622330,1654898,1637100,0.902205119
20200814,6879878,222660,273705,207916,300319,339972,8224450,14873,13863,20132,305,705,1630079,1665084,1644952,0.904160121
20200815,6795870,103379,152033,84967,125718,271843,7533810,15039,13901,21618,305,833,1638639,1675296,1653678,0.909427349
20200816,6630636,53578,109340,46143,42375,253734,7135806,15318,13910,22005,305,1103,1644464,1681787,1659782,0.922892283
20200817,6359199,167432,195022,151404,220547,282124,7375728,15515,13917,22964,305,1293,1649991,1688470,1665506,0.931548731
20200818,6033744,238015,277953,232385,334205,315503,7431805,15761,13934,25219,306,1521,1656062,1697042,1671823,0.942743341
20200819,5853347,241534,282078,247811,352835,307642,7285247,16058,14006,31022,306,1746,1667984,1715064,1684042,0.953539164
20200820,5831781,240940,281533,242836,350664,306523,7254277,16346,14063,34998,307,1976,1682739,1734083,1699085,0.96204722
20200821,6251602,234851,281193,235669,347967,320940,7672222,16670,14120,38045,309,2241,1699408,1754123,1716078,0.971401067
20200822,5662566,121798,162838,118830,201101,254182,6521315,17002,14169,42427,309,2524,1716371,1775800,1733373,0.980862169
20200823,5081191,54096,100570,47491,49480,214587,5547415,17399,14200,47564,309,2890,1726223,1791186,1743622,0.997865363
20200824,5739551,225466,268323,219910,334673,308121,7096044,17665,14219,47995,309,3137,1738762,1804422,1756427,1.005734938
20200825,5665772,245386,285158,254394,370260,303739,7124709,17945,14286,50362,310,3349,1757530,1825837,1775475,1.010715442
20200826,5064212,222310,260364,220213,297662,277452,6342213,18265,14368,52795,312,3585,1778446,1849506,1796711,1.016579739
20200827,4760620,194696,241408,194659,246200,259897,5897480,18706,14461,52041,313,3932,1798832,1869579,1817538,1.029194438
20200828,5927185,223843,271374,226118,319530,313822,7281872,19077,14551,50711,316,4210,1817929,1887717,1837006,1.038483271
20200829,5367381,125075,164435,125120,200327,243059,6225397,19400,14765,54046,321,4314,1835883,1909329,1855283,1.045662575
20200830,4791057,57412,102227,52331,51709,203614,5258350,19699,14903,58021,323,4473,1846450,1924170,1866149,1.055596311
20200831,5531702,227463,266102,227464,336592,300879,6890202,19947,14973,57876,324,4650,1859866,1937689,1879813,1.061116185
20200901,5390920,245602,281395,257132,356030,293472,6824551,20182,15198,56743,324,4660,1882155,1959080,1902337,1.060905612
20200902,4739747,207338,252017,210523,261958,264583,5936166,20449,15356,56748,326,4767,1903098,1980295,1923547,1.063088139
20200903,4830225,204788,243948,198583,222864,268799,5969207,20644,15529,55524,329,4786,1924384,2000552,1945028,1.061372895
20200904,6148329,244737,280784,240442,344732,320995,7580019,20842,15783,52266,331,4728,1945798,2018906,1966640,1.059777082
20200905,5781140,132296,167992,129322,208351,256931,6676032,21010,16009,52077,333,4668,1963958,2037045,1984968,1.05845535
20200906,4593196,55199,98173,49371,44022,195094,5035055,21177,16146,49621,334,4697,1975137,2045935,1996314,1.060805064
20200907,4258271,173540,214683,163614,179453,236104,5225665,21296,16297,47109,336,4663,1982892,2051297,2004188,1.062574968
20200908,5436864,236477,272056,233935,307599,294545,6781476,21432,16636,43370,341,4455,2001276,2066078,2022708,1.059569646
20200909,5412317,230036,271447,240448,342605,292678,6789531,21588,17023,36533,344,4221,2024113,2082234,2045701,1.055286183
20200910,5646828,243865,280105,246318,351948,300359,7069423,21743,17360,33018,346,4037,2044830,2099591,2066573,1.05212833
20200911,6184424,240556,279349,241950,350558,319579,7616416,21919,17616,29423,350,3953,2067869,2119211,2089788,1.048862373
20200912,6074193,124664,160379,126359,198839,264949,6949383,22055,18029,27826,355,3671,2085576,2135457,2107631,1.046435548
20200913,5909247,57751,97938,50449,49627,240346,6405358,22176,18226,27705,358,3592,2093389,2143270,2115565,1.048230615
20200914,5754833,232268,270257,228605,335637,307766,7129366,22285,18489,27476,363,3433,2101241,2151002,2123526,1.049433819
20200915,5667132,250849,286491,261289,372322,303122,7141205,22391,18878,27310,367,3146,2114877,2164578,2137268,1.047645873
20200916,5546362,235115,275874,250637,353455,299137,6960580,22504,19310,25842,367,2827,2130486,2178832,2152990,1.045244056
20200917,5651520,239386,275741,247459,356312,300441,7070859,22657,19543,25508,372,2742,2143727,2191892,2166384,1.045844135
20200918,6371828,244092,280840,247398,357300,327633,7829091,22783,19771,25403,377,2635,2158179,2206365,2180962,1.044630764
20200919,6790062,133091,168082,133352,210221,290837,7725645,22893,19970,24705,378,2545,2171564,2219162,2194457,1.043219348
20200920,6166648,61683,105332,61032,61672,251114,6707481,22975,20158,24274,383,2434,2179452,2226701,2202427,1.043167379
20200921,5866283,236487,271987,238982,356832,312348,7282919,23045,20248,22536,385,2412,2186008,2231589,2209053,1.043207202
20200922,5781640,254447,287244,267979,380323,308919,7280552,23106,20441,23222,388,2277,2198784,2245112,2221890,1.039925469
20200923,5815345,250613,287327,264624,381547,310089,7309545,23216,20650,20527,388,2178,2213156,2256899,2236372,1.038109939
20200924,5880195,252283,287894,266430,379397,309324,7375523,23341,20832,20782,393,2116,2224876,2268999,2248217,1.038200494
20200925,6375639,251017,290833,261999,381162,329680,7890330,23455,20978,19575,395,2082,2237246,2280276,2260701,1.037510047
20200926,6314762,141683,177774,154222,251182,281545,7321168,23516,21166,18508,399,1951,2248321,2290345,2271837,1.035109473
20200927,5570031,64090,105350,65088,86571,234156,6125286,23611,21248,18878,401,1962,2254028,2296517,2277639,1.036643647
20200928,6186219,241897,278817,241450,362463,326042,7636888,23661,21292,18587,406,1963,2259055,2301303,2282716,1.036528416
20200929,6611309,206309,254688,194719,296362,338176,7901563,23699,21470,20056,407,1822,2269289,2313044,2292988,1.03354226
20200930,5892739,66229,107120,42304,50986,240716,6400094,23812,21590,20596,413,1809,2278591,2322999,2302403,1.034223809
20201002,6423193,39980,81947,24198,24160,240976,6834454,23952,21733,19995,416,1803,2289830,2333777,2313782,1.035188276
20201003,5888013,60592,102515,37235,39045,234692,6362092,24027,21787,21287,420,1820,2294545,2339859,2318572,1.036284403
20201004,5020589,53038,103019,50081,45510,218896,5491133,24091,21845,22116,421,1825,2300138,2346345,2324229,1.036515765
20201005,5506864,217732,257475,211130,312773,300935,6806909,24164,21886,22447,422,1856,2305767,2352378,2329931,1.037112258
20201006,5585401,251913,287020,258947,370781,302524,7056586,24239,22083,22737,422,1734,2318457,2365433,2342696,1.034662628
20201007,5666836,249109,286636,257119,372660,304124,7136484,24353,22334,22138,425,1594,2331582,2378073,2355935,1.033687262
20201008,6293189,251940,292572,257737,372843,329814,7798095,24422,22463,20978,427,1532,2343444,2388844,2367866,1.031392824
20201009,6449186,159679,196737,159465,239633,272251,7476951,24476,22569,20699,428,1479,2355058,2400233,2379534,1.02860476
20201010,6410422,117290,152403,105553,193511,275813,7254992,24548,22624,18982,430,1494,2361154,2404684,2385702,1.028963383
20201011,5851674,56655,102931,55031,60199,243011,6369501,24606,22693,19303,432,1481,2366574,2410483,2391180,1.029031691
20201012,5842268,235144,276119,234927,351463,314509,7254430,24703,22729,19192,433,1541,2371715,2415610,2396418,1.030830181
20201013,5760413,252008,288849,262573,379298,308607,7251748,24805,22863,20124,434,1508,2383842,2428771,2408647,1.02983127
20201014,5768408,246122,285932,254045,378066,308495,7241068,24889,23030,18396,438,1421,2398169,2441454,2423058,1.027173101
20201015,5857101,243840,286380,251874,385114,311025,7335334,24988,23082,18262,439,1467,2407489,2450739,2432477,1.027265623
20201016,6420309,241299,286209,248411,366447,329543,7892218,25035,23180,17355,441,1414,2417036,2459426,2442071,1.025154469
20201017,6862887,130374,173829,129463,213305,298753,7808611,25108,23258,17318,443,1407,2426101,2468527,2451209,1.02431086
20201018,6314162,59326,108556,54212,61135,258835,6856226,25199,23312,17781,444,1443,2431549,2474529,2456748,1.025705526
20201019,5913124,232194,272070,228393,354240,315819,7315840,25275,23368,16763,444,1463,2437188,2479226,2462463,1.026411361
20201020,5815341,248621,286775,256220,376336,308710,7292003,25333,23466,19379,447,1420,2446599,2491311,2471932,1.024825926
20201021,5760063,242683,282205,250622,373799,306716,7216088,25424,23584,19493,450,1390,2458574,2503491,2483998,1.023511291
20201022,5837394,240761,281644,243810,366604,308726,7278939,25543,23647,19813,453,1443,2469969,2515325,2495512,1.02355749
20201023,6501865,239122,285455,238567,362151,330803,7957963,25698,23717,20430,455,1526,2482493,2528621,2508191,1.024563121
20201024,6986450,129921,172308,126056,218169,297909,7930813,25775,23834,21888,457,1484,2493016,2540679,2518791,1.023308405
20201025,6548124,60470,108583,51561,59802,263881,7092421,25836,23869,21682,457,1510,2498628,2546146,2524464,1.023425171
20201026,5969371,230739,274582,228727,355795,315714,7374928,25955,23905,20763,457,1593,2505546,2552264,2531501,1.025281049
20201027,5836039,246486,287466,256216,377104,310060,7313371,26043,23981,23003,460,1602,2518541,2567587,2544584,1.023467883
20201028,5842725,242381,284906,253230,371063,309156,7303461,26146,24073,22904,461,1612,2533910,2582960,2560056,1.021305784
20201029,5908035,242182,286824,250245,367814,311253,7366353,26271,24168,26148,462,1641,2545559,2597978,2571830,1.021490534
20201030,6543278,236971,285733,239406,353750,333637,7992775,26385,24227,26373,463,1695,2559473,2612231,2585858,1.020357653
20201031,7142564,129504,175103,125580,207156,302843,8082750,26511,24311,25678,464,1736,2572303,2624492,2598814,1.020119177
20201101,6012537,57119,109917,50848,52917,243510,6526848,26635,24357,24838,466,1812,2579157,2630630,2605792,1.02214605
20201102,5839586,228909,270868,221508,327606,311976,7200453,26732,24395,25524,468,1869,2584394,2636650,2611126,1.023772886
20201103,5704479,246972,289016,256177,362768,304482,7163894,26807,24510,25815,472,1825,2597237,2649859,2624044,1.021591101
20201104,5713483,242658,284992,245394,356509,304837,7147873,26925,24616,24255,474,1835,2611080,2662260,2638005,1.020657656
20201105,5843582,244939,287929,245335,357516,307158,7286459,27050,24735,25062,475,1840,2621594,2673706,2648644,1.021277303
20201106,6474695,239166,289380,239657,351387,328479,7922764,27195,24821,25629,476,1898,2633490,2686314,2660685,1.02210521
20201107,7020164,126826,176252,120253,194928,297669,7936092,27284,24910,26217,477,1897,2643748,2697249,2671032,1.021477841
20201108,6477146,58408,113466,52670,57646,260439,7019775,27427,24968,25648,478,1981,2649805,2702880,2677232,1.024453615
20201109,5872106,228660,275117,228337,341904,312365,7258489,27553,25029,25802,480,2044,2655844,2709199,2683397,1.026795513
20201110,5737569,244037,289496,258045,369395,306582,7205124,27653,25160,27855,485,2008,2668452,2723960,2696105,1.025664802
20201111,5834450,239435,285916,249012,366587,310272,7285672,27799,25266,28688,487,2046,2680047,2736534,2707846,1.026609342
20201112,5920728,241352,288540,247524,365970,309410,7373524,27942,25404,29284,487,2051,2692546,2749772,2720488,1.027095139
20201113,6561501,238419,290518,243122,356531,331283,8021374,28133,25537,30119,488,2108,2703159,2761411,2731292,1.030025351
20201114,6981484,127059,175838,126385,210173,295396,7916335,28338,25636,34692,492,2210,2714259,2777289,2742597,1.033254248
20201115,6458665,60549,117762,56356,60960,262472,7016764,28546,25691,36378,493,2362,2721954,2786878,2750500,1.037847664
20201116,5889116,229654,276021,230251,352336,311678,7289056,28769,25759,38314,494,2516,2730608,2797691,2759377,1.042590411
20201117,5696785,246035,288943,260061,371752,306002,7169578,28998,25860,41202,494,2644,2745555,2815755,2774553,1.045141325
20201118,5581020,229412,278214,237452,350889,300746,6977733,29311,25973,42688,496,2842,2762363,2834362,2791674,1.049943511
20201119,5182195,201579,255175,207256,302426,280733,6429364,29654,26098,45525,498,3058,2778664,2853843,2808318,1.055934549
20201120,6406527,237049,284180,234194,340553,328070,7830573,30017,26263,48143,501,3253,2795283,2873443,2825300,1.062435848
20201121,6594011,125789,169669,119360,195350,286558,7490737,30403,26365,51345,503,3535,2814998,2896746,2845401,1.068496145
20201122,5642238,54222,103593,50809,51801,236430,6139093,30733,26466,54029,505,3762,2824128,2908890,2854861,1.076514759
20201123,5739815,228127,270910,229028,345359,306789,7120028,31004,26539,56455,509,3956,2834676,2922135,2865680,1.081907261
20201124,5553384,244192,284951,257860,373377,301001,7014765,31353,26722,57769,510,4121,2857277,2946399,2888630,1.085393422
20201125,5589571,239126,279937,252086,374705,301392,7036817,31735,26825,55838,513,4397,2878832,2966405,2910567,1.090337381
20201126,5615460,238940,279713,249919,374538,300809,7059379,32318,26950,55361,515,4853,2900367,2988046,2932685,1.101993566
20201127,6178252,237122,279550,247620,368534,319167,7630245,32887,27103,56637,516,5268,2920053,3009577,2952940,1.113703631
20201128,5948076,125466,163076,129973,220086,264057,6850734,33375,27349,58794,522,5504,2939835,3032004,2973210,1.122524141
20201129,5304584,58920,102973,56422,64297,224934,5812130,33824,27542,62829,523,5759,2950318,3046971,2984142,1.133458126
20201130,5495128,223891,268098,226288,344058,299400,6856863,34201,27625,63365,526,6050,2963606,3061172,2997807,1.140867307
20201201,5241030,238558,276926,252887,357908,286214,6653523,34652,27885,64892,526,6241,2984453,3083997,3019105,1.147757365
20201202,5320097,235216,274147,248955,359962,289535,6727912,35163,28065,65154,526,6572,3006653,3106970,3041816,1.155987081
20201203,5402771,234691,275836,242209,354895,290453,6800855,35703,28352,65788,529,6822,3030395,3131886,3066098,1.164444189
20201204,6006954,235740,280761,241969,353834,313785,7433043,36332,28611,64017,536,7185,3057061,3157410,3093393,1.174503207
20201205,5853500,124646,162596,121251,203069,259933,6724995,36915,28917,66267,540,7458,3077314,3180496,3114229,1.185365623
20201206,5188634,57157,102658,53098,57199,220619,5679365,37546,29128,67716,545,7873,3089605,3194867,3127151,1.200645572
20201207,5468088,223472,264651,225572,343147,297104,6822034,38161,29301,68010,549,8311,3103205,3209376,3141366,1.214789999
20201208,5275467,235956,278591,251687,367646,285614,6694961,38755,29650,71274,552,8553,3111296,3221325,3150051,1.230297541
20201209,5320132,232854,271687,245982,363868,288648,6723171,39432,30177,75080,556,8699,3138724,3253236,3178156,1.240719461
20201210,5387017,234693,274688,245351,362789,290303,6794841,40098,30637,72764,564,8897,3165085,3277947,3205183,1.251036212
20201211,5990160,234119,275310,238516,354374,313662,7406141,40786,31157,77688,572,9057,3192739,3311213,3233525,1.26134791
20201212,5754883,123742,159987,129809,220234,257370,6646025,41736,31493,86742,578,9665,3221386,3349864,3263122,1.279020521
20201213,4429723,53889,95645,55234,55591,187532,4877614,42766,31814,90129,580,10372,3241700,3374595,3284466,1.302068586
20201214,5147860,216856,260947,213380,332163,280988,6452194,43484,32102,89247,587,10795,3264308,3397039,3307792,1.314592937
20201215,5010621,231058,270602,236696,350079,278589,6377645,44364,32559,93473,600,11205,3303383,3441220,3347747,1.325189747
20201216,5059843,226470,267896,232249,346199,280342,6412999,45442,32947,94784,612,11883,3348543,3488769,3393985,1.33889808
20201217,5196021,229776,271712,240095,353479,284428,6575511,46453,33610,99258,634,12209,3393129,3538840,3439582,1.350542014
20201218,5685074,230380,271859,237571,351780,296663,7073327,47515,33982,110618,645,12888,3431662,3589795,3479177,1.365696543
20201219,5208566,122284,157117,122477,201027,237529,6049000,48570,34334,126233,659,13577,3471444,3646247,3520014,1.379824058
20201220,4391717,55712,99213,54642,57376,191433,4850093,49665,34722,139475,674,14269,3493954,3683094,3543619,1.401533291
20201221,5354118,222985,263168,224766,345555,292664,6703256,50591,35155,146438,698,14738,3516832,3713861,3567423,1.418138527
20201222,5240879,240351,278200,259315,372269,284847,6675861,51460,35928,151129,722,14810,3569843,3772432,3621303,1.421035467
20201223,5350465,240059,276873,257489,374231,289021,6788138,52550,36726,153109,739,15085,3620912,3826571,3673462,1.430530655
20201224,5807736,233359,275934,243282,361393,308390,7230094,53533,37425,150533,756,15352,3678144,3882210,3731677,1.434556099
20201225,4528026,116853,147996,114858,185446,199322,5292501,54770,38048,156789,773,15949,3727798,3939357,3782568,1.447958107
20201226,4790910,103861,133213,94967,176741,213372,5513064,55902,38532,157012,793,16577,3756501,3969415,3812403,1.466319274
20201227,4196367,50497,89742,51206,54417,183224,4625453,56872,39040,166976,808,17024,3782564,4006412,3839436,1.481259227
20201228,5303435,217877,259324,224009,338014,286004,6628663,57680,39268,169878,819,17593,3810749,4038307,3868429,1.491044556
20201229,5186948,232722,268604,256669,365254,280542,6590739,58725,40703,170962,859,17163,3868494,4098181,3927219,1.495332957
20201230,4952545,216766,254121,228186,323998,268829,6244445,59773,41435,171771,879,17459,3927978,4159522,3987751,1.498915053
20201231,5513627,180714,220824,174898,249639,288471,6628173,60740,42271,170338,900,17569,3982802,4213880,4043542,1.502148364
20210101,4184529,72636,103120,62611,52430,171247,4646573,61769,42953,176927,917,17899,4030622,4269318,4092391,1.509362131
20210102,4564549,86371,114767,65675,82325,194984,5108671,62593,43578,179387,942,18073,4060819,4302799,4123412,1.517990441
20210103,4134736,47856,90733,51243,45398,180879,4550845,63244,44507,186472,962,17775,4091122,4340838,4154366,1.522350221
20210104,4941054,208683,247803,212135,310044,277443,6197162,64264,45240,190732,981,18043,4121612,4376608,4185876,1.535258092
20210105,4873901,229160,266918,249459,350472,273223,6243133,64979,46172,193751,1007,17800,4180631,4439361,4245610,1.530498562
20210106,4761313,220229,259656,238207,341304,265652,6086361,65818,46995,192082,1027,17796,4246968,4504868,4312786,1.526113283
20210107,3781324,200741,243241,214781,274470,197524,4912081,66686,47649,191762,1046,17991,4311361,4569809,4378047,1.523190592
20210108,4670470,204080,245756,199661,280626,249435,5850028,67358,48369,190452,1081,17908,4372194,4630004,4439552,1.517225161
20210109,4276543,110305,141073,103834,161576,200576,4993907,67999,49324,185923,1100,17575,4435694,4689616,4503693,1.509849805
20210110,3701044,46697,84852,46656,48675,163812,4091736,68664,50409,191454,1125,17130,4463346,4723464,4532010,1.515089331
20210111,4955795,210075,251863,213616,310360,275965,6217674,69114,52552,189763,1140,15422,4492808,4751685,4561922,1.515019327
20210112,4807955,224031,264875,246581,335857,262409,6141708,69651,53569,186770,1165,14917,4557664,4814085,4627315,1.505214147
20210113,4905459,220581,261588,239722,336277,266447,6230074,70212,54636,182914,1185,14391,4619186,4872312,4689398,1.497249754
20210114,5229520,226449,267288,241396,348939,281993,6595585,70728,55772,169742,1195,13761,4684889,4925359,4755617,1.487251812
20210115,5691220,225579,267280,238634,344124,300449,7067286,71241,56536,162323,1217,13488,4744511,4978075,4815752,1.479332823
20210116,5361269,118509,150982,119253,189863,243389,6183265,71820,57554,155639,1236,13030,4804811,5032270,4876631,1.472738044
20210117,4456219,52248,92313,55235,54063,192101,4902179,72340,58253,159385,1249,12838,4829565,5061290,4901905,1.475752794
20210118,4395456,198707,243790,211440,294767,239901,5584061,72729,58723,158035,1264,12742,4856456,5087220,4929185,1.475477183
20210119,4940937,223253,265215,235904,334227,271556,6271092,73115,59468,154345,1283,12364,4912866,5140326,4985981,1.466411525
20210120,5259050,226696,267444,245167,351107,286523,6635987,73518,60180,148141,1300,12038,4970470,5192129,5043988,1.457537171
20210121,5187133,222113,267228,239171,347180,280832,6543657,73918,60846,141070,1316,11756,5022620,5237608,5096538,1.450357086
20210122,5636344,218521,261866,228998,324291,299327,6969347,74262,61415,133132,1328,11519,5074830,5282224,5149092,1.442234864
20210123,5293022,113297,144493,112207,181274,242120,6086413,74692,62044,136629,1337,11311,5118386,5329707,5193078,1.438299213
20210124,4774976,48668,86790,47766,49009,203352,5210561,75084,62530,135765,1349,11205,5143500,5354349,5218584,1.438781095
20210125,5406112,217847,258093,224281,331426,296012,6733771,75521,62956,134549,1360,11205,5166016,5376086,5241537,1.440817836
20210126,5021414,216825,262234,237051,328221,279222,6344967,75875,64793,138624,1371,9711,5208269,5422768,5284144,1.435899552
20210127,5380720,229667,267729,244670,335456,292923,6751165,76429,65478,138427,1378,9573,5254391,5469247,5330820,1.43371939
20210128,4848520,219300,262940,240453,332175,259462,6162850,76926,66016,139424,1386,9524,5305839,5522189,5382765,1.42911682
20210129,5451850,217198,259617,221304,313986,292304,6756259,77395,66503,142753,1399,9493,5349116,5569264,5426511,1.426238701
20210130,5348761,119841,153128,126951,197613,239802,6186096,#N/A,#N/A,#N/A,#N/A,#N/A,#N/A,#N/A,#N/A,#N/A
20210131,4824814,54912,96117,56358,54769,205596,5292566,#N/A,#N/A,#N/A,#N/A,#N/A,#N/A,#N/A,#N/A,#N/A
20210201,5181493,214249,252283,215038,298843,285981,6447887,78508,68309,149456,1425,8774,5433878,5661842,5512386,1.424210859
20210202,5224630,235047,271183,252769,343112,285233,6611974,78844,68775,154265,1435,8634,5478304,5711413,5557148,1.418785319
20210203,5191954,231443,271006,255636,350824,279867,6580730,79311,69299,138849,1441,8571,5538554,5756714,5617865,1.411764078
20210204,4995888,222656,263962,245156,333824,265603,6327089,79762,69704,120538,1448,8610,5602795,5803095,5682557,1.403628683
20210205,5850860,233837,274672,251463,354375,306945,7272152,80131,70117,107457,1459,8555,5659590,5847178,5739721,1.396078311
20210206,5653301,126653,161097,134434,202250,255807,6533542,80524,70505,97677,1464,8555,5715152,5893353,5795676,1.389380635
20210207,4823813,55883,98291,59804,61589,208575,5307955,80896,70865,90751,1471,8560,5745328,5916975,5826224,1.388480772
20210208,5655190,226319,262246,237441,357263,303404,7041863,81185,71218,84843,1474,8493,5772169,5938197,5853354,1.386982574
20210209,5740818,239223,276217,258149,370408,305741,7190556,81487,71676,82630,1482,8329,5823289,5987406,5904776,1.38001848
20210210,6242284,192974,241578,182293,278980,322348,7460457,81930,72226,80076,1486,8218,5868017,6030023,5949947,1.376987056
20210211,5403228,61375,98361,39108,48988,225226,5876286,82434,72638,81614,1496,8300,5905960,6070008,5988394,1.376562731
20210212,6526142,18937,58791,11123,11143,239159,6865295,82837,72936,80861,1507,8394,5929671,6093369,6012508,1.377744529
20210213,5965511,33672,77063,21943,26264,233488,6357941,83199,73227,70251,1514,8458,5961887,6115337,6045086,1.376307963
20210214,4784886,43519,92108,46233,42323,209807,5218876,83525,73559,78200,1522,8444,5978361,6140086,6061886,1.377871507
20210215,5346922,190320,229567,188029,282019,287975,6524832,83869,73794,80146,1527,8548,5998845,6162860,6082714,1.378808867
20210216,5136609,223768,264356,242405,340876,278102,6486116,84325,74551,76897,1534,8240,6052268,6213490,6136593,1.374133823
20210217,5041318,217624,259128,228753,326935,277461,6351219,84946,75360,72410,1538,8048,6103211,6260567,6188157,1.372718889
20210218,5223294,218658,259756,229486,333487,286065,6550746,85567,75896,70720,1544,8127,6146927,6303214,6232494,1.372917487
20210219,5956281,224923,267169,236563,348407,311953,7345296,86128,76513,71116,1550,8065,6188748,6345992,6274876,1.372584893
20210220,5969565,121603,156117,123254,200764,263593,6834896,86576,77083,76137,1553,7940,6227918,6390631,6314494,1.371067896
20210221,5359788,55012,96388,51986,55525,225434,5844133,86992,77516,73356,1557,7919,6250992,6411340,6337984,1.37255001
20210222,5702163,220815,259496,225017,345328,305908,7058727,87324,77887,72461,1562,7875,6269359,6429144,6356683,1.373735327
20210223,5549034,235569,273970,256609,368145,298916,6982243,87681,78394,74065,1573,7714,6310933,6472679,6398614,1.370312383
20210224,5613221,232806,272620,252858,365165,301194,7037864,88120,79050,74988,1576,7494,6347880,6510988,6436000,1.3691734
20210225,5619806,231090,270602,249506,361791,300607,7033402,88516,79487,68672,1581,7448,6394026,6551214,6482542,1.365452009
20210226,6263845,227705,269803,237323,347143,323128,7668947,88922,79880,68942,1585,7457,6432202,6590066,6521124,1.363599281
20210227,6639591,126254,160852,128576,218198,282011,7555482,89321,80333,68989,1595,7393,6468905,6627215,6558226,1.361968923
20210228,6414462,54283,92850,45261,52783,247439,6907078,89676,80697,72889,1603,7376,6486441,6649006,6576117,1.363661869
20210301,4826883,108965,134505,89891,123693,209091,5493028,90029,81070,73745,1605,7354,6501981,6665755,6592010,1.365729118
20210302,5240090,220360,261468,219763,299255,287676,6528612,90372,81338,73432,1606,7428,6518172,6681976,6608544,1.367502433
20210303,5408689,240033,276746,251177,353043,293116,6822804,90816,81700,65867,1612,7504,6559520,6716203,6650336,1.365585137
20210304,5402998,236107,274532,244686,357973,290392,6806688,91240,82162,60089,1619,7459,6600571,6751900,6691811,1.363457515
20210305,6013544,233670,277065,239364,350156,316531,7430330,91638,82560,63707,1627,7451,6633666,6789011,6725304,1.362585245
20210306,5820202,122836,156835,119329,196256,259709,6675167,92055,82913,65171,1632,7510,6664717,6821943,6756772,1.362410926
20210307,5162260,54917,97737,50784,54255,220043,5639996,92471,83220,66396,1634,7617,6684259,6843126,6776730,1.364537174
20210308,5576169,222889,265171,226635,349826,301683,6942373,92817,83474,67394,1642,7701,6701598,6861809,6794415,1.366077874
20210309,5483313,238547,278741,253912,374694,297820,6927027,93263,83900,70501,1645,7718,6739220,6902984,6832483,1.364994249
20210310,5545852,233633,275172,248849,371222,298768,6973496,93733,84312,70278,1648,7773,6774873,6938884,6868606,1.364658273
20210311,5617334,235310,276171,244504,370712,298592,7042623,94198,84675,68248,1652,7871,6814539,6976985,6908737,1.363461947
20210312,5924557,217430,266860,221188,336151,311630,7277816,94686,85743,68738,1662,7281,6849240,7012664,6943926,1.363580199
20210313,6275750,121509,156814,116178,196712,275332,7142295,95176,86625,67874,1667,6884,6883732,7046782,6978908,1.363766366
20210314,5702013,55138,95459,48945,53960,238367,6193882,95635,87408,69843,1669,6558,6900923,7066401,6996558,1.366886403
20210315,5688789,226184,269308,229923,347533,307146,7068883,96017,87754,71590,1675,6588,6917333,7084940,7013350,1.369060435
20210316,5521298,236348,279429,252301,370172,297783,6957331,96380,88255,78044,1678,6447,6951653,7126077,7048033,1.367473733
20210317,5606030,235007,278549,248378,368284,300784,7037032,96849,88814,83462,1686,6349,6991199,7171510,7088048,1.366370544
20210318,5674304,235345,278931,243373,370280,301184,7103417,97294,89178,89722,1688,6428,7031071,7218087,7128365,1.364885216
20210319,6312641,233872,280470,242787,363589,326498,7759857,97757,89523,88341,1690,6544,7078843,7264941,7176600,1.362163141
20210320,5596488,110485,149918,107384,180188,247809,6392272,98209,89949,93018,1693,6567,7117723,7308950,7215932,1.361002293
20210321,5554184,55420,98843,49167,51920,232601,6042135,98665,90328,98308,1696,6641,7135741,7332714,7234406,1.363830009
20210322,5659923,224075,265646,226635,350933,302167,7029379,99075,90611,103132,1697,6767,7153757,7355964,7252832,1.366018129
20210323,5597244,238412,279840,253130,375023,300691,7044340,99421,91079,100172,1704,6638,7201397,7400990,7300818,1.361778913
20210324,5625371,234602,277719,249634,372893,300851,7061070,99846,91560,94326,1707,6579,7247038,7441210,7346884,1.359025132
20210325,5744406,237485,280092,248806,373680,303928,7188397,100276,92068,86983,1709,6499,7298600,7485859,7398876,1.355286938
20210326,6475294,234156,281130,244608,364181,330542,7929911,100770,92630,77409,1716,6424,7351224,7529403,7451994,1.352255517
20210327,5938134,116164,153102,109747,200195,257460,6774802,101275,93475,75174,1721,6079,7396119,7572568,7497394,1.350802692
20210328,5446639,50044,92123,45647,47613,226594,5908660,101757,93855,78605,1722,6180,7415234,7595596,7516991,1.353693253
20210329,5746630,223270,267607,223930,346355,307793,7115585,102141,94124,78938,1726,6291,7435252,7616331,7537393,1.355123715
20210330,5663562,239402,282943,257211,374156,304300,7121574,102582,94563,78424,1729,6290,7482993,7663999,7585575,1.352329916
20210331,5690098,235295,278490,250299,368875,304381,7127438,103088,95030,71302,1731,6327,7533410,7707800,7636498,1.349938152
20210401,7709836,314354,367086,331590,504803,412050,9639719,103639,95439,68659,1735,6465,7575005,7747303,7678644,1.349704453
20210402,8524807,300248,357393,318176,484705,440936,10426265,104194,95861,70752,1737,6596,7613349,7788295,7717543,1.350092899
20210403,7609735,136371,190748,134890,239181,330280,8641205,104736,96196,75288,1740,6800,7649577,7829601,7754313,1.350680583
20210404,7150892,62547,122341,59650,62330,299242,7757002,105279,96589,79799,1744,6946,7664398,7849476,7769677,1.354998412
20210405,7849445,291134,346227,292179,462187,417438,9658610,105752,96900,80497,1748,7104,7682571,7868820,7788323,1.357827609
20210406,7583321,311036,366303,338548,514118,412643,9525969,106230,97363,79155,1752,7115,7735905,7921290,7842135,1.354605602
20210407,7576437,305799,361161,326293,511227,408010,9488927,106898,97928,74642,1756,7214,7784627,7966167,7891525,1.354592427
20210408,7701659,305530,362116,327202,511708,411288,9619503,107598,98360,77994,1758,7480,7826829,8012421,7934427,1.356090364
20210409,8709849,306145,359656,321620,498153,446682,10642105,108269,98786,81912,1764,7719,7868932,8059113,7977201,1.357230437
20210410,9276837,157995,206103,151864,274754,393235,10460788,108945,99301,90014,1765,7879,7907671,8106630,8016616,1.358989878
20210411,8428736,72755,128473,63009,80093,343096,9116162,109559,100109,91909,1768,7682,7928064,8129532,8037623,1.363077119
20210412,7258654,268389,333480,277012,451656,389933,8979124,110146,100804,95248,1770,7572,7947389,8152783,8057535,1.366993752
20210413,7354152,292626,351194,313111,470753,402337,9184173,110688,101332,85584,1775,7581,8004247,8200519,8114935,1.364003532
20210414,7643326,309530,362947,331382,515050,412159,9574394,111419,101983,74627,1782,7654,8059342,8245388,8170761,1.363630634
20210415,7762641,312568,370124,333749,524196,416367,9719645,112117,102513,70221,1788,7816,8108788,8291126,8220905,1.36380362
20210416,8463492,293251,358780,312885,498138,438819,10365365,112789,103062,70883,1790,7937,8149660,8333332,8262449,1.36507953
20210417,8724558,153730,206780,151777,281515,376032,9894392,113444,103594,71039,1794,8056,8193296,8377779,8306740,1.365686178
20210418,8031676,71382,131408,66145,82043,330688,8713342,114115,104006,72191,1797,8312,8209761,8396067,8323876,1.370935848
20210419,7819313,294270,350158,302304,492597,418165,9676807,114646,104474,70763,1801,8371,8229412,8414821,8344058,1.373983738
20210420,7624779,314686,369697,343130,526714,409939,9588945,115195,105227,66590,1802,8166,8276807,8458592,8392002,1.372676031
20210421,7614745,306510,364848,332363,519281,405888,9543635,115926,105877,67211,1806,8243,8314457,8497594,8430383,1.375097668
20210422,7695628,306821,362967,330276,516079,406963,9618734,116661,106459,67139,1808,8394,8353705,8537505,8470366,1.377284051
20210423,8625127,304954,363516,317692,497982,443843,10553114,117458,107071,69939,1811,8576,8396133,8583530,8513591,1.37965284
20210424,8940209,153436,206146,148811,276050,384105,10108757,118243,107781,78269,1812,8650,8436411,8632923,8554654,1.382206691
20210425,8143539,69743,128471,62554,76765,332730,8813802,#N/A,#N/A,#N/A,#N/A,#N/A,#N/A,#N/A,#N/A,#N/A
20210426,7826583,294610,352844,306587,488384,421822,9690830,#N/A,#N/A,#N/A,#N/A,#N/A,#N/A,#N/A,#N/A,#N/A
20210427,7574722,313422,370694,344762,527426,412026,9543052,119898,109695,76508,1820,8383,8525203,8721609,8645101,1.386889523
20210428,7640152,308642,367383,335676,525772,412274,9589899,120673,110248,77166,1821,8604,8568659,8766498,8689332,1.38874887
20210429,7758772,311945,372130,340266,530998,417726,9731837,121351,110787,80392,1825,8739,8604036,8805779,8725387,1.390780718
20210430,8923126,295952,361540,316772,486573,455739,10839702,122007,111422,82511,1828,8757,8643774,8848292,8765781,1.391855443
20210501,8603193,130383,179809,113388,157900,352460,9537133,122634,112337,85212,1831,8466,8675542,8883388,8798176,1.39385709
20210502,8350866,69739,129694,63496,68387,331483,9013665,123240,112865,86607,1833,8542,8688387,8898234,8811627,1.398606636
20210503,8124783,305516,357087,306601,493839,426675,10014501,123728,113356,89022,1834,8538,8702576,8915326,8826304,1.401809863
20210504,8114115,304853,366569,325444,508603,423875,10043459,124269,114128,78096,1840,8301,8754790,8957155,8879059,1.399573986
20210505,7995664,167120,207255,160030,262744,328631,9121444,124945,114944,78995,1847,8154,8790129,8994069,8915074,1.401502668
20210506,8226248,310782,363696,315931,508871,423086,10148614,125519,115491,77055,1851,8177,8808418,9010992,8933937,1.404968493
20210507,9102541,310733,373285,335388,516480,454711,11093138,126044,116022,78896,1860,8162,8846414,9051354,8972458,1.404787852
20210508,9761315,154400,199583,150527,281979,403747,10951551,126745,116881,78259,1865,7999,8884162,9089166,9010907,1.406573167
20210509,8851635,70776,128345,61900,77459,350746,9540861,127309,117423,81280,1874,8012,8897182,9105771,9024491,1.410705601
20210510,7638651,283114,350009,298847,474026,412488,9457135,127772,117844,83398,1875,8053,8910889,9122059,9038661,1.413616464
20210511,7661797,316850,372480,344207,518558,414878,9628770,128283,118717,84628,1879,7687,8951373,9164284,9079656,1.412861897
20210512,7684742,308537,365587,334207,525739,414160,9632972,128918,119373,84279,1884,7661,8988342,9201539,9117260,1.413999381
20210513,7904895,314557,372430,342653,533124,419642,9887301,129633,119906,87517,1891,7836,9024003,9241153,9153636,1.416191336
20210514,8917971,317648,379188,334978,526649,455890,10932324,130380,120395,95208,1893,8092,9055703,9281291,9186083,1.419320945
20210515,8064165,143713,198975,137151,254483,346579,9145066,131061,121282,99216,1896,7883,9088817,9319094,9219878,1.42150471
20210516,6263774,60537,124967,59102,60470,260639,6829489,131671,121764,101663,1900,8007,9103280,9336614,9234951,1.425789915
20210517,7535264,273226,335700,285151,449652,404421,9283414,132290,122163,101804,1903,8224,9119206,9353300,9251496,1.4299309
20210518,8521461,321864,374600,337867,511891,445820,10513503,132818,122631,103413,1904,8283,9158773,9395004,9291591,1.429443031
20210519,8282090,180089,220958,173442,295042,356008,9507629,#N/A,#N/A,#N/A,#N/A,#N/A,#N/A,#N/A,#N/A,#N/A
20210520,7689926,294544,355507,305466,488034,410483,9543960,#N/A,#N/A,#N/A,#N/A,#N/A,#N/A,#N/A,#N/A,#N/A
20210521,8517986,299005,365254,323211,492983,439834,10438273,#N/A,#N/A,#N/A,#N/A,#N/A,#N/A,#N/A,#N/A,#N/A
20210522,9061933,158167,208440,151725,286391,383476,10250132,#N/A,#N/A,#N/A,#N/A,#N/A,#N/A,#N/A,#N/A,#N/A
20210523,8137110,71765,131198,65291,81000,329846,8816210,#N/A,#N/A,#N/A,#N/A,#N/A,#N/A,#N/A,#N/A,#N/A
20210524,7920220,302368,358991,316397,505026,425398,9828400,#N/A,#N/A,#N/A,#N/A,#N/A,#N/A,#N/A,#N/A,#N/A
20210525,7592327,311007,370776,343986,528654,409971,9556721,#N/A,#N/A,#N/A,#N/A,#N/A,#N/A,#N/A,#N/A,#N/A
20210526,7797608,317072,369970,345056,541135,417774,9788615,#N/A,#N/A,#N/A,#N/A,#N/A,#N/A,#N/A,#N/A,#N/A
20210527,7553319,293459,357332,323979,508270,404843,9441202,#N/A,#N/A,#N/A,#N/A,#N/A,#N/A,#N/A,#N/A,#N/A
20210528,8371873,286788,355519,308215,480799,433393,10236587,#N/A,#N/A,#N/A,#N/A,#N/A,#N/A,#N/A,#N/A,#N/A
20210529,8993202,159922,211302,156898,279498,382203,10183025,#N/A,#N/A,#N/A,#N/A,#N/A,#N/A,#N/A,#N/A,#N/A
20210530,8190964,76539,136893,69326,83879,332697,8890298,#N/A,#N/A,#N/A,#N/A,#N/A,#N/A,#N/A,#N/A,#N/A
20210531,7263254,278895,329552,285756,443019,394121,8994597,#N/A,#N/A,#N/A,#N/A,#N/A,#N/A,#N/A,#N/A,#N/A
